ds,y,consumption_ema_3,consumption_lag_12,consumption_ma_3,consumption_lag_1,consumption_ema_6,year_normalized,consumption_ema_12,consumption_ma_12,temp_anomaly,consumption_ma_6,fossil_renewables_ratio,renewables_kWh,renewables_normalized,sustainability_score,consumption_lag_3
2000-01-01,1261.78,1261.78,1261.78,1261.78,1261.78,1261.78,0.0,1261.78,1261.78,-0.413333333333334,1261.78,87.06542079098342,64000869.96240514,0.06400086996240514,0.06901279778719902,1261.78
2000-02-01,1309.42,1285.6,1261.78,1285.6,1261.78,1275.3914285714286,0.0,1269.1092307692306,1285.6,-0.413333333333334,1285.6,88.34123841041688,63749776.0963083,0.0637497760963083,0.06776630348602009,1261.78
2000-03-01,1287.12,1286.36,1261.78,1286.1066666666666,1309.42,1278.7424489795917,0.0,1271.8801183431951,1286.1066666666666,-0.411249999999999,1286.1066666666666,88.90339785161147,64829441.32609715,0.06482944132609715,0.06840933214229429,1261.78
2000-04-01,1286.54,1286.4499999999998,1261.78,1294.36,1287.12,1280.9703206997083,0.0,1274.1354847519344,1286.215,-0.413333333333334,1286.215,87.277997087038,66504243.67523157,0.06650424367523157,0.07136999724275461,1261.78
2000-05-01,1292.41,1289.4299999999998,1261.78,1288.69,1286.54,1284.2388004997915,0.0,1276.9469486362523,1287.4540000000002,-0.411249999999999,1287.4540000000002,88.22071774626109,65568141.24393279,0.06556814124393279,0.06967537483535803,1309.42
2000-06-01,1276.51,1282.9699999999998,1261.78,1285.1533333333334,1292.41,1282.0305717855654,0.0,1276.8797257691365,1285.6299999999999,-0.413333333333334,1285.6299999999999,87.83316504704564,64948956.882879294,0.0649489568828793,0.06936187188779996,1287.12
2000-07-01,1230.25,1256.61,1261.78,1266.39,1276.51,1267.2361227039753,0.0,1269.7059218046538,1277.7185714285715,-0.413333333333334,1280.375,87.9915949073242,67680059.09491909,0.06768005909491909,0.07196417934483222,1286.54
2000-08-01,1227.13,1241.87,1261.78,1244.63,1230.25,1255.7772305028395,0.0,1263.1557799885531,1271.395,-0.413333333333334,1266.66,86.31594971200431,70077808.69069463,0.07007780869069463,0.07578864831584196,1292.41
2000-09-01,1189.86,1215.8649999999998,1261.78,1215.7466666666667,1227.13,1236.9437360734569,0.0,1251.8795061441604,1262.3355555555556,-0.4137500000000003,1250.45,87.14101273998916,68193562.64752103,0.06819356264752104,0.0731820391406965,1276.51
2000-10-01,1206.68,1211.2725,1261.78,1207.89,1189.86,1228.2969543381835,0.0,1244.9257359681358,1256.77,-0.4133333333333322,1237.14,86.98258216496467,63842207.7762637,0.0638422077762637,0.06891746773619403,1230.25
2000-11-01,1193.59,1202.43125,1261.78,1196.7099999999998,1206.68,1218.380681670131,0.0,1237.0279304345765,1251.0263636363636,-0.4137500000000003,1220.67,87.21595283021176,65699157.92429856,0.06569915792429856,0.07060935545891539,1227.13
2000-12-01,1238.72,1220.575625,1261.78,1212.9966666666667,1193.59,1224.1919154786651,0.0,1237.288248829257,1250.0008333333333,-0.413333333333334,1214.3716666666667,87.66412820922787,70104275.2407933,0.07010427524079331,0.07465068215346025,1189.86
2001-01-01,1316.97,1268.7728124999999,1261.78,1249.76,1238.72,1250.6999396276178,0.043478260869565216,1249.546979778602,1254.6,0.11666666666666714,1228.825,77.24712846223298,197279802.8822211,0.1972798028822211,0.21307637612957958,1206.68
2001-02-01,1358.5,1313.63640625,1309.42,1304.73,1316.97,1281.4999568768699,0.043478260869565216,1266.3089828895863,1258.6899999999998,0.11666666666666714,1250.72,76.95841354192154,213473313.7465464,0.21347331374654638,0.22834549926798994,1193.59
2001-03-01,1407.33,1360.4832031249998,1287.12,1360.9333333333334,1358.5,1317.4513977691927,0.043478260869565216,1288.0045239834963,1268.7075,0.11874999999999858,1286.965,77.60113281143207,199257657.5850752,0.1992576575850752,0.213878951501041,1238.72
2001-04-01,1368.63,1364.5566015625,1286.54,1378.1533333333334,1407.33,1332.0738555494233,0.043478260869565216,1300.4084433706507,1275.5483333333334,0.11666666666666714,1313.9566666666667,76.25518800264844,212305727.44968864,0.21230572744968865,0.22940909008286497,1316.97
2001-05-01,1394.11,1379.3333007812498,1292.41,1390.0233333333333,1368.63,1349.798468249588,0.043478260869565216,1314.8240674674737,1284.0233333333333,0.11874999999999858,1347.3766666666668,76.16927829137381,210954306.680636,0.210954306680636,0.2284600201198032,1358.5
2001-06-01,1353.85,1366.5916503906249,1276.51,1372.1966666666667,1394.11,1350.9560487497056,0.043478260869565216,1320.8280570878624,1290.4683333333332,0.11666666666666714,1366.5649999999998,78.53330270574712,203753783.62209,0.20375378362209,0.21530543643333244,1407.33
2001-07-01,1322.83,1344.7108251953123,1230.25,1356.93,1353.85,1342.9200348212182,0.043478260869565216,1321.1360483051144,1298.1833333333332,0.11666666666666714,1367.5416666666667,78.7994672170606,203184017.079546,0.203184017079546,0.21408014068093764,1368.63
2001-08-01,1314.48,1329.5954125976561,1227.13,1330.3866666666665,1322.83,1334.7943105865845,0.043478260869565216,1320.1120408735583,1305.4624999999999,0.11666666666666714,1360.2050000000002,76.8961647562385,211424477.31651905,0.21142447731651906,0.22671918915732384,1394.11
2001-09-01,1314.81,1322.2027062988282,1189.86,1317.3733333333332,1314.48,1329.084507561846,0.043478260869565216,1319.296342277626,1315.875,0.11624999999999908,1344.7849999999999,79.14686091578047,198816811.71179947,0.19881681171179946,0.2093192205312536,1353.85
2001-10-01,1288.15,1305.1763531494141,1206.68,1305.8133333333333,1314.81,1317.3889339727473,0.043478260869565216,1314.5045973118374,1322.6641666666667,0.11666666666666892,1331.3716666666667,77.95505758039879,212279322.36095223,0.21227932236095223,0.22438890877676934,1322.83
2001-11-01,1263.04,1284.1081765747072,1193.59,1288.6666666666667,1288.15,1301.8606671233908,0.043478260869565216,1306.5869669561703,1328.4516666666666,0.11624999999999908,1309.5266666666666,78.36199053385047,196870409.767801,0.19687040976780099,0.20968388205411134,1314.48
2001-12-01,1297.31,1290.7090882873536,1238.72,1282.8333333333333,1263.04,1300.5604765167077,0.043478260869565216,1305.1597412706055,1333.3341666666668,0.11666666666666714,1300.1033333333332,76.7475919389985,202842127.77333188,0.20284212777333188,0.21948991835146406,1314.81
2002-01-01,1390.0,1340.3545441436768,1316.97,1316.7833333333335,1297.31,1326.1146260833625,0.08695652173913043,1318.2120887674355,1339.42,-0.2133333333333347,1311.2983333333334,78.26585906058939,190159880.94274145,0.19015988094274144,0.2039272425833125,1288.15
2002-02-01,1495.7,1418.0272720718385,1358.5,1394.3366666666668,1390.0,1374.5675900595447,0.08695652173913043,1345.517921264753,1350.8533333333332,-0.2133333333333347,1341.5016666666668,79.5862210071609,196835114.8801862,0.1968351148801862,0.20643088106293053,1263.04
2002-03-01,1491.47,1454.7486360359194,1407.33,1459.0566666666666,1495.7,1407.9682786139606,0.08695652173913043,1367.9720872240218,1357.865,-0.21124999999999972,1370.945,78.93830662164383,201869045.536909,0.20186904553690901,0.21255300705702845,1297.31
2002-04-01,1469.44,1462.0943180179597,1368.63,1485.5366666666666,1491.47,1425.5316275814005,0.08695652173913043,1383.5825353434032,1366.2658333333331,-0.2133333333333347,1401.1599999999999,79.68768073555907,190708659.03754795,0.19070865903754794,0.2007780571285108,1390.0
2002-05-01,1495.92,1479.00715900898,1394.11,1485.61,1469.44,1445.6425911295719,0.08695652173913043,1400.8652222136488,1374.75,-0.21124999999999972,1439.9733333333334,77.59468642669063,200421069.8188144,0.20042106981881438,0.2149372976274242,1495.7
2002-06-01,1419.45,1449.22857950449,1353.85,1461.6033333333332,1495.92,1438.1589936639798,0.08695652173913043,1403.7244187961644,1380.2166666666665,-0.2133333333333347,1460.33,77.5450926289492,192639588.9302888,0.1926395889302888,0.20807153159539452,1491.47
2002-07-01,1398.14,1423.6842897522451,1322.83,1437.8366666666668,1419.45,1426.7249954742715,0.08695652173913043,1402.8652774429083,1386.4925,-0.2133333333333347,1461.6866666666667,77.16865168320324,202847076.91948143,0.20284707691948142,0.21829802066971749,1469.44
2002-08-01,1425.17,1424.4271448761226,1314.48,1414.2533333333333,1398.14,1426.2807110530512,0.08695652173913043,1406.2967732209224,1395.716666666667,-0.2133333333333347,1449.9316666666666,78.90169840253292,191594918.40760508,0.1915949184076051,0.20356697113081373,1495.92
2002-09-01,1367.84,1396.1335724380613,1314.81,1397.05,1425.17,1409.5833650378936,0.08695652173913043,1400.3803465715496,1400.1358333333335,-0.213750000000001,1429.3266666666668,79.84475024648732,194190383.1551996,0.1941903831551996,0.2034475884095382,1419.45
2002-10-01,1351.83,1373.9817862190307,1288.15,1381.6133333333335,1367.84,1393.0824035984954,0.08695652173913043,1392.911062483619,1405.4425,-0.21333333333333115,1409.7250000000001,77.99999388237417,196372048.8082892,0.1963720488082892,0.2102101572059214,1398.14
2002-11-01,1334.12,1354.0508931095153,1263.04,1351.263333333333,1351.83,1376.2360025703538,0.08695652173913043,1383.866283639985,1411.3658333333333,-0.213750000000001,1382.7583333333332,77.04119063342871,202174142.133785,0.202174142133785,0.21805526575493553,1425.17
2002-12-01,1360.91,1357.4804465547577,1297.31,1348.9533333333331,1334.12,1371.8571446931098,0.08695652173913043,1380.3345476953718,1416.6658333333332,-0.2133333333333347,1373.0016666666668,77.17780872208091,203677289.6177468,0.2036772896177468,0.2190144896951551,1367.84
2003-01-01,1498.56,1428.0202232773788,1390.0,1397.8633333333335,1360.91,1408.0579604950785,0.13043478260869565,1398.523078819161,1425.7124999999999,-0.03333333333333499,1389.7383333333335,75.0776397696391,197964963.470703,0.197964963470703,0.21986242073657133,1351.83
2003-02-01,1496.67,1462.3451116386896,1495.7,1452.0466666666669,1498.56,1433.3756860679132,0.13043478260869565,1413.6226051546746,1425.7933333333333,-0.03333333333333499,1401.655,74.7640333447443,191855199.748554,0.191855199748554,0.2150652528203052,1334.12
2003-03-01,1507.32,1484.8325558193446,1491.47,1500.8500000000001,1496.67,1454.5026329056523,0.13043478260869565,1428.0375889770326,1427.1141666666665,-0.03125,1424.9016666666666,74.20544495002719,198825208.45360515,0.19882520845360516,0.2232502152439959,1360.91
2003-04-01,1545.29,1515.0612779096723,1469.44,1516.4266666666665,1507.32,1480.4418806468943,0.13043478260869565,1446.0764214421044,1433.4350000000002,-0.03333333333333499,1457.1449999999998,75.42470672398576,198192418.45461297,0.19819241845461297,0.2190617482628643,1498.56
2003-05-01,1539.35,1527.205638954836,1495.92,1530.653333333333,1545.29,1497.2727718906388,0.13043478260869565,1460.4262027587038,1437.0541666666668,-0.03125,1491.3500000000001,75.5135300339043,203888174.2044768,0.2038881742044768,0.22402869976504494,1496.67
2003-06-01,1558.93,1543.0678194774182,1419.45,1547.8566666666666,1539.35,1514.8891227790277,0.13043478260869565,1475.5806331035185,1448.6775,-0.03333333333333499,1524.3533333333332,74.65625803195948,203653036.03386065,0.20365303603386065,0.2263811823549776,1507.32
2003-07-01,1496.25,1519.658909738709,1398.14,1531.51,1558.93,1509.563659127877,0.13043478260869565,1478.760535702977,1456.8533333333335,-0.03333333333333499,1523.9683333333332,74.5791647832717,201553513.3639628,0.2015535133639628,0.2246701447853269,1545.29
2003-08-01,1497.31,1508.4844548693545,1425.17,1517.4966666666667,1496.25,1506.0626136627693,0.13043478260869565,1481.6142994409804,1462.865,-0.03333333333333499,1524.075,76.15413711516234,187407378.5941263,0.18740737859412632,0.20702053669978815,1539.35
2003-09-01,1442.31,1475.3972274346772,1367.84,1478.6233333333332,1497.31,1487.8475811876924,0.13043478260869565,1475.5674841423681,1469.0708333333332,-0.0337499999999995,1513.24,76.78022723525693,192211719.7824707,0.1922117197824707,0.20975045102191053,1558.93
2003-10-01,1460.28,1467.8386137173386,1351.83,1466.6333333333332,1442.31,1479.9711294197803,0.13043478260869565,1473.2155635050808,1478.1083333333333,-0.03333333333333144,1499.0716666666667,75.66174313053601,202918355.5225674,0.2029183555225674,0.2227060078682625,1496.25
2003-11-01,1475.83,1471.8343068586692,1334.12,1459.4733333333334,1460.28,1478.7879495855573,0.13043478260869565,1473.6177845042992,1489.9175000000002,-0.0337499999999995,1488.485,76.35198913186505,188746076.6431817,0.18874607664318171,0.2077257098513159,1497.31
2003-12-01,1481.89,1476.8621534293347,1360.91,1472.6666666666667,1475.83,1479.6742497039695,0.13043478260869565,1474.8904330420992,1499.9991666666667,-0.03333333333333499,1475.6449999999998,76.33760831586058,187570867.9503883,0.18757086795038833,0.2066752689357983,1442.31
2004-01-01,1565.57,1521.2160767146675,1498.56,1507.7633333333333,1481.89,1504.2158926456925,0.17391304347826086,1488.8411356510069,1505.5833333333333,-0.3633333333333333,1487.198333333333,74.46750686011438,197715283.31381056,0.19771528331381055,0.2214283284840159,1460.28
2004-02-01,1641.58,1581.3980383573337,1496.67,1563.0133333333333,1565.57,1543.4627804612091,0.17391304347826086,1512.3394224739288,1517.6591666666664,-0.3633333333333333,1511.243333333333,73.72408389845467,196504340.61825013,0.19650434061825015,0.2225135327076808,1475.83
2004-03-01,1641.32,1611.3590191786668,1507.32,1616.1566666666665,1641.58,1571.4219860437208,0.17391304347826086,1532.1825882471705,1528.8258333333333,-0.37124999999999986,1544.4116666666666,75.23384729832219,185740583.24168292,0.1857405832416829,0.2079779473006303,1481.89
2004-04-01,1638.84,1625.0995095893334,1545.29,1640.58,1641.32,1590.684275745515,0.17391304347826086,1548.591420824529,1536.6216666666667,-0.3633333333333333,1574.1716666666664,73.19017597646632,202765169.32378852,0.20276516932378852,0.23007352974472978,1565.57
2004-05-01,1661.34,1643.2197547946666,1539.35,1647.1666666666667,1638.84,1610.8716255325105,0.17391304347826086,1565.9373560822937,1546.7874999999997,-0.37124999999999986,1605.09,74.96872747138706,199315101.05963185,0.19931510105963185,0.2214338468844014,1641.58
2004-06-01,1640.41,1641.8148773973335,1558.93,1646.8633333333335,1661.34,1619.3111610946503,0.17391304347826086,1577.3946859157868,1553.5775,-0.3633333333333333,1631.51,74.90542496213992,187707018.50998107,0.18770701850998106,0.21075118785193425,1641.32
2004-07-01,1546.69,1594.2524386986668,1496.25,1616.1466666666668,1640.41,1598.5622579247502,0.17391304347826086,1572.670888082589,1557.7808333333332,-0.3633333333333333,1628.3633333333335,73.61714573683714,196423788.28845248,0.19642378828845247,0.22276002839667722,1638.84
2004-08-01,1550.03,1572.1412193493334,1497.31,1579.0433333333333,1546.69,1584.6958985176789,0.17391304347826086,1569.1876745314216,1562.1741666666667,-0.3633333333333333,1613.1049999999998,74.94458136423232,201639416.91141185,0.20163941691141185,0.22365522530775972,1661.34
2004-09-01,1537.6,1554.8706096746666,1442.31,1544.7733333333333,1550.03,1571.2399275126277,0.17391304347826086,1564.3280322958185,1570.115,-0.3637499999999996,1595.8183333333334,73.2092918066603,192216930.3073808,0.1922169303073808,0.21997475958452747,1640.41
2004-10-01,1514.7,1534.7853048373333,1460.28,1534.11,1537.6,1555.0856625090198,0.17391304347826086,1556.692950404154,1574.6499999999999,-0.3633333333333315,1575.1283333333333,75.75970691927034,189627717.6129157,0.1896277176129157,0.210170060393887,1546.69
2004-11-01,1534.77,1534.7776524186665,1475.83,1529.0233333333333,1514.7,1549.2811875064426,0.17391304347826086,1553.320188803515,1579.5616666666665,-0.3637499999999996,1554.0333333333335,75.6298486807056,187208474.94680053,0.18720847494680054,0.20826767474293015,1550.03
2004-12-01,1527.16,1530.9688262093332,1481.89,1525.5433333333333,1534.77,1542.9608482188878,0.17391304347826086,1549.295544372205,1583.3341666666665,-0.3633333333333333,1535.1583333333335,75.35245303094058,194963773.5567376,0.1949637735567376,0.21628168219838045,1537.6
2005-01-01,1698.85,1614.9094131046666,1565.57,1586.9266666666665,1527.16,1587.500605870634,0.21739130434782608,1572.3039221610966,1594.4408333333333,-0.43333333333333357,1560.5183333333332,77.31438420160111,204552992.4690544,0.2045529924690544,0.21940854649387115,1514.7
2005-02-01,1726.6,1670.7547065523331,1641.58,1650.87,1698.85,1627.2432899075957,0.21739130434782608,1596.0417802901586,1601.5258333333331,-0.43333333333333357,1589.9466666666667,75.88260059623349,206806650.92231488,0.20680665092231487,0.22558520458437514,1534.77
2005-03-01,1747.87,1709.3123532761665,1641.32,1724.4399999999998,1726.6,1661.708064219711,0.21739130434782608,1619.3999679378264,1610.4049999999997,-0.4312499999999986,1624.9916666666668,77.5284569766269,200828369.62645,0.20082836962645,0.2154848505968033,1527.16
2005-04-01,1780.69,1745.0011766380833,1638.84,1751.72,1747.87,1695.7029030140795,0.21739130434782608,1644.2138190243145,1622.2258333333332,-0.43333333333333357,1669.323333333333,77.11107860285355,204652312.6784497,0.2046523126784497,0.22007508868559658,1698.85
2005-05-01,1713.91,1729.4555883190417,1661.34,1747.49,1780.69,1700.9049307243426,0.21739130434782608,1654.9363084051893,1626.6066666666668,-0.4312499999999986,1699.1799999999996,77.76210583827121,198105023.72939485,0.19810502372939484,0.21240595640489593,1726.6
2005-06-01,1712.12,1720.7877941595207,1640.41,1735.5733333333335,1713.91,1704.1092362316733,0.21739130434782608,1663.7337994197756,1632.5825000000002,-0.43333333333333357,1730.0066666666664,76.86571299238965,199910733.5058117,0.19991073350581168,0.216512960155414,1747.87
2005-07-01,1619.24,1670.0138970797602,1546.69,1681.7566666666664,1712.12,1679.860883022624,0.21739130434782608,1656.888599509041,1638.6283333333333,-0.43333333333333357,1716.7383333333335,76.69418160737753,191182635.72101,0.19118263572101,0.20904151794297882,1780.69
2005-08-01,1642.84,1656.42694853988,1550.03,1658.0666666666666,1619.24,1669.2834878733029,0.21739130434782608,1654.72727650765,1646.3625,-0.43333333333333357,1702.7783333333334,77.91754656430005,193119642.7035628,0.1931196427035628,0.2075105952025359,1713.91
2005-09-01,1575.38,1615.90347426994,1537.6,1612.4866666666667,1642.84,1642.453919909502,0.21739130434782608,1642.5200031987806,1649.510833333333,-0.43374999999999986,1674.03,77.14217816496307,203066033.4219668,0.2030660334219668,0.2185688267796366,1712.12
2005-10-01,1584.62,1600.26173713497,1514.7,1600.9466666666667,1575.38,1625.9299427925016,0.21739130434782608,1633.6123103989682,1655.3375000000003,-0.4333333333333318,1641.3516666666667,75.45446373108781,201415984.1058333,0.20141598410583328,0.22194061055499315,1619.24
2005-11-01,1593.99,1597.125868567485,1534.77,1584.6633333333332,1584.62,1616.804244851787,0.21739130434782608,1627.5165703375885,1660.2725,-0.43374999999999986,1621.365,77.16985616508116,200927826.50876483,0.20092782650876484,0.21657440081698354,1642.84
2005-12-01,1603.89,1600.5079342837425,1527.16,1594.1666666666667,1593.99,1613.1144606084192,0.21739130434782608,1623.881713362575,1666.6666666666667,-0.43333333333333357,1603.3266666666666,77.44249144590782,199376601.72438976,0.19937660172438976,0.2144233018862795,1575.38
2006-01-01,1731.7,1666.1039671418712,1698.85,1643.1933333333334,1603.89,1646.996043291728,0.2608695652173913,1640.469142076025,1669.4041666666665,-0.0033333333333338544,1622.07,76.49915300850755,177504433.7533576,0.1775044337533576,0.19683764661675915,1584.62
2006-02-01,1780.96,1723.5319835709356,1726.6,1705.5166666666667,1731.7,1685.2714594940917,0.2608695652173913,1662.083120218175,1673.9341666666667,-0.0033333333333338544,1645.0900000000001,76.25683906432715,186764546.1993056,0.1867645461993056,0.20614435648400142,1593.99
2006-03-01,1857.45,1790.490991785468,1747.87,1790.0366666666669,1780.96,1734.4653282100653,0.2608695652173913,1692.1395632615329,1683.0658333333333,-0.0012499999999988631,1692.1016666666665,77.40915176429621,184818936.3178559,0.1848189363178559,0.20129310884994975,1603.89
2006-04-01,1859.77,1825.130495892734,1780.69,1832.7266666666667,1857.45,1770.2666630071894,0.2608695652173913,1717.928861221297,1689.6558333333332,-0.0033333333333338544,1737.96,76.2886444842276,181172293.8472789,0.1811722938472789,0.20083386228862415,1731.7
2006-05-01,1767.26,1796.195247946367,1713.91,1828.16,1859.77,1769.4076164337068,0.2608695652173913,1725.5182671872512,1694.1016666666665,-0.0012499999999988631,1766.8383333333334,75.62428509682137,175474430.79600084,0.17547443079600084,0.1971746584276477,1780.96
2006-06-01,1776.92,1786.5576239731836,1712.12,1801.3166666666666,1767.26,1771.554011738362,0.2608695652173913,1733.4262260815203,1699.5016666666668,-0.0033333333333338544,1795.6766666666665,77.25355643514018,183345065.04481632,0.18334506504481632,0.20033855287448685,1857.45
2006-07-01,1751.72,1769.138811986592,1619.24,1765.3,1776.92,1765.8871512416872,0.2608695652173913,1736.2406528382096,1710.5416666666667,-0.0033333333333338544,1799.0133333333333,76.68968755713976,177812604.4743874,0.1778126044743874,0.1966386281699145,1859.77
2006-08-01,1671.93,1720.5344059932959,1642.84,1733.5233333333333,1751.72,1739.0422508869196,0.2608695652173913,1726.346706247716,1712.9658333333336,-0.0033333333333338544,1780.8416666666665,75.90534659662836,186303090.0097785,0.1863030900097785,0.20666645859523086,1767.26
2006-09-01,1714.62,1717.5772029966479,1575.38,1712.7566666666664,1671.93,1732.0644649192282,0.2608695652173913,1724.5425975942212,1724.569166666667,-0.003750000000000142,1757.0366666666669,76.0003247938227,183877451.847994,0.183877451847994,0.20413800411089247,1776.92
2006-10-01,1695.84,1706.7086014983238,1584.62,1694.1299999999999,1714.62,1721.7146177994487,0.2608695652173913,1720.1268133489564,1733.8374999999999,-0.003333333333332078,1729.7150000000001,77.23897044820546,175926004.4567101,0.1759260044567101,0.1934798212951316,1751.72
2006-11-01,1674.98,1690.844300749162,1593.99,1695.1466666666665,1695.84,1708.361869856749,0.2608695652173913,1713.1811497568092,1740.5866666666668,-0.003750000000000142,1714.335,74.61184980818818,191912104.7514439,0.19191210475144388,0.2155570611579259,1671.93
2006-12-01,1716.85,1703.847150374581,1603.89,1695.89,1674.98,1710.7870498976777,0.2608695652173913,1713.7455882557615,1750.0,-0.0033333333333338544,1704.323333333333,76.08770523090473,183052406.66804823,0.18305240666804823,0.20313033105884773,1714.62
2007-01-01,1774.81,1739.3285751872904,1731.7,1722.2133333333331,1716.85,1729.0793213554841,0.30434782608695654,1723.1401131394905,1753.5925,-0.30333333333333456,1708.1716666666669,72.28269441848157,273566397.9322169,0.2735663979322169,0.2968488120043763,1695.84
2007-02-01,1840.4,1789.8642875936453,1780.96,1777.3533333333332,1774.81,1760.8852295396316,0.30434782608695654,1741.180095733415,1758.5458333333336,-0.30333333333333456,1736.25,72.09168573261825,272723273.271534,0.272723273271534,0.29691351108048203,1674.98
2007-03-01,1899.1,1844.4821437968226,1857.45,1838.1033333333332,1840.4,1800.3751639568798,0.30434782608695654,1765.475465620582,1762.0166666666667,-0.3012499999999996,1766.9966666666667,72.65158568026997,293902430.50744486,0.29390243050744486,0.31231640826786305,1716.85
2007-04-01,1935.27,1889.8760718984113,1859.77,1891.5900000000001,1899.1,1838.9165456834858,0.30434782608695654,1791.597701678954,1768.3083333333334,-0.30333333333333456,1806.9016666666666,71.25779120313453,288616027.68622714,0.28861602768622713,0.313972674909824,1774.81
2007-05-01,1884.72,1887.2980359492058,1767.26,1906.3633333333335,1935.27,1852.0032469167754,0.30434782608695654,1805.9242091129613,1778.0966666666666,-0.3012499999999996,1841.8583333333333,73.255938093044,278731157.2127606,0.27873115721276065,0.29723507979506936,1840.4
2007-06-01,1876.69,1881.994017974603,1776.92,1898.8933333333334,1884.72,1859.0566049405538,0.30434782608695654,1816.8112538648136,1786.4108333333334,-0.30333333333333456,1868.4983333333332,72.15332219231534,298918452.6269418,0.2989184526269418,0.31860410291234287,1899.1
2007-07-01,1867.1,1874.5470089873015,1751.72,1876.17,1876.69,1861.3547178146812,0.30434782608695654,1824.5479840394578,1796.0258333333331,-0.30333333333333456,1883.8799999999999,72.30949483240143,280405731.3771225,0.28040573137712255,0.3025346540078485,1935.27
2007-08-01,1829.26,1851.9035044936509,1671.93,1857.6833333333332,1867.1,1852.1847984390579,0.30434782608695654,1825.272909571849,1809.1366666666665,-0.30333333333333456,1882.0233333333333,72.78491103320188,292090273.6508401,0.2920902736508401,0.3102568166964112,1884.72
2007-09-01,1773.66,1812.7817522468254,1714.62,1823.3400000000001,1829.26,1829.7491417421843,0.30434782608695654,1817.3324619454106,1814.0566666666666,-0.30375000000000085,1861.1166666666666,71.41810845973285,285091567.7396806,0.2850915677396806,0.31029088312046677,1876.69
2007-10-01,1695.64,1754.2108761234126,1695.84,1766.1866666666665,1773.66,1791.4322441015602,0.30434782608695654,1798.6105447230398,1814.04,-0.303333333333331,1821.1783333333335,72.11006587614857,281784797.1579386,0.2817847971579386,0.3045348075633597,1867.1
2007-11-01,1818.72,1786.4654380617062,1674.98,1762.6733333333334,1695.64,1799.2287457868288,0.30434782608695654,1801.7043070733414,1826.0183333333334,-0.30375000000000085,1810.1783333333333,73.59436587981406,279793393.9954563,0.2797933939954563,0.29675098168509007,1829.26
2007-12-01,1804.63,1795.5477190308532,1716.85,1772.996666666667,1818.72,1800.7719612763062,0.30434782608695654,1802.1544136774428,1833.3333333333333,-0.30333333333333456,1798.1683333333333,73.19109844463291,288698500.28520864,0.28869850028520866,0.30575582655305816,1773.66
2008-01-01,1928.34,1861.9438595154265,1774.81,1850.5633333333335,1804.63,1837.2199723402186,0.34782608695652173,1821.56758080399,1846.1274999999998,-0.37333333333333485,1808.375,71.74915693010894,289496346.4274089,0.2894963464274089,0.3125626048670371,1695.64
2008-02-01,1978.85,1920.3969297577132,1840.4,1903.9399999999998,1928.34,1877.6856945287277,0.34782608695652173,1845.7648760649147,1857.665,-0.37333333333333485,1833.3066666666666,69.47178937188751,300070369.3698561,0.3000703693698561,0.3318693803045807,1818.72
2008-03-01,2011.78,1966.0884648788565,1899.1,1972.9899999999998,1978.85,1915.9983532348056,0.34782608695652173,1871.30566436262,1867.055,-0.37124999999999986,1872.9933333333336,70.63833189820448,291059417.4070392,0.2910594174070392,0.31880053583027185,1804.63
2008-04-01,2029.5,1997.7942324394282,1935.27,2006.71,2011.78,1948.4273951677183,0.34782608695652173,1895.6432544606785,1874.9075,-0.37333333333333485,1928.6366666666665,71.35769223868643,289282064.6673856,0.2892820646673856,0.31409496108254564,1928.34
2008-05-01,1932.65,1965.2221162197143,1884.72,1991.3100000000002,2029.5,1943.9195679769416,0.34782608695652173,1901.3365999282664,1878.9016666666669,-0.37124999999999986,1947.625,69.08231032237276,308060300.63057095,0.30806030063057094,0.3405342320508872,1978.85
2008-06-01,1929.19,1947.2060581098572,1876.69,1963.78,1932.65,1939.7111199835297,0.34782608695652173,1905.621738400841,1883.2766666666666,-0.37333333333333485,1968.385,69.64348970688873,298040234.8040073,0.29804023480400726,0.32932603805309196,2011.78
2008-07-01,1954.88,1951.0430290549286,1867.1,1938.9066666666668,1929.19,1944.0450857025212,0.34782608695652173,1913.1999324930193,1890.591666666667,-0.37333333333333485,1972.8083333333334,70.32558100393086,316504406.6403411,0.31650440664034113,0.3414878736170536,2029.5
2008-08-01,1872.09,1911.5665145274643,1829.26,1918.72,1954.88,1923.4864897875152,0.34782608695652173,1906.8753274940932,1894.1608333333334,-0.37333333333333485,1955.015,69.66439150159059,310200453.612711,0.31020045361271104,0.33948319683524636,1932.65
2008-09-01,1835.24,1873.403257263732,1773.66,1887.4033333333334,1872.09,1898.2732069910824,0.34782608695652173,1895.8545078796174,1899.2924999999998,-0.37374999999999936,1925.5916666666665,70.86134552778128,290099756.5921889,0.2900997565921889,0.3169858475760711,1929.19
2008-10-01,1768.33,1820.866628631866,1695.64,1825.22,1835.24,1861.1465764222016,0.34782608695652173,1876.2353528212147,1905.3500000000001,-0.3733333333333313,1882.0633333333333,69.99115178703023,288442856.2934122,0.2884428562934122,0.3194994858362666,1954.88
2008-11-01,1830.69,1825.7783143159331,1818.72,1811.42,1768.33,1852.4446974444297,0.34782608695652173,1869.2283754641048,1906.3474999999999,-0.37374999999999936,1865.07,69.12148914635705,309261684.71510154,0.3092616847151015,0.3413555312517067,1872.09
2008-12-01,1928.46,1877.1191571579666,1804.63,1842.4933333333336,1830.69,1874.1633553174497,0.34782608695652173,1878.3409330850118,1916.6666666666667,-0.37333333333333485,1864.9483333333335,71.81906003228984,295367221.36214465,0.29536722136214466,0.31714882426439983,1835.24
2009-01-01,2022.2,1949.6595785789832,1928.34,1927.1166666666668,1928.46,1916.4595395124643,0.391304347826087,1900.4730972257792,1924.4883333333335,0.24666666666666615,1876.1683333333333,58.88554639892764,404067765.2166509,0.4040677652166509,0.4881265935379498,1768.33
2009-02-01,2021.64,1985.6497892894918,1978.85,1990.7666666666667,2022.2,1946.51109965176,0.391304347826087,1919.1141591910439,1928.0541666666666,0.24666666666666615,1901.0933333333335,58.213242924029046,421862162.9150333,0.42186216291503326,0.5090575794304221,1830.69
2009-03-01,2095.02,2040.3348946447459,2011.78,2046.2866666666666,2021.64,1988.9422140369716,0.391304347826087,1946.1765962385755,1934.9908333333333,0.24875000000000114,1944.39,60.26466511047004,401119769.9294607,0.4011197699294607,0.47448449792576664,1928.46
2009-04-01,2068.47,2054.4024473223726,2029.5,2061.7099999999996,2095.02,2011.6644385978368,0.391304347826087,1964.9909660480253,1938.2383333333335,0.24666666666666615,1994.4133333333336,60.88445427218717,384635236.42572784,0.38463523642572783,0.45571404664075776,2022.2
2009-05-01,2109.75,2082.0762236611863,1932.65,2091.08,2068.47,2039.6888847127404,0.391304347826087,1987.2615866560213,1952.9966666666667,0.24875000000000114,2040.9233333333334,60.9500443608365,401164726.7504891,0.40116472675048914,0.4691927364435257,2021.64
2009-06-01,2013.14,2047.6081118305933,1929.19,2063.7866666666664,2109.75,2032.103489080529,0.391304347826087,1991.2428810166334,1959.9925,0.24666666666666615,2055.0366666666664,59.49527627337658,401488766.3662771,0.4014887663662771,0.4809287657819369,2095.02
2009-07-01,2047.71,2047.6590559152967,1954.88,2056.8666666666663,2013.14,2036.5624922003778,0.391304347826087,1999.9301300909976,1967.7283333333332,0.24666666666666615,2059.2883333333334,59.28044528430562,422067356.8037972,0.4220673568037972,0.5000751487381555,2068.47
2009-08-01,1986.22,2016.9395279576484,1872.09,2015.6899999999998,2047.71,2022.1789230002698,0.391304347826087,1997.8208793077672,1977.2391666666665,0.24666666666666615,2053.3849999999998,60.66489842760267,395276430.62199336,0.39527643062199336,0.466434222595478,2109.75
2009-09-01,1951.24,1984.089763978824,1835.24,1995.0566666666666,1986.22,2001.910659285907,0.391304347826087,1990.6545901834954,1986.9058333333335,0.24624999999999808,2029.4216666666669,59.600859548715476,419509919.1239269,0.4195099191239269,0.49526570536358694,2013.14
2009-10-01,1907.59,1945.8398819894119,1768.33,1948.3499999999997,1951.24,1974.9618994899336,0.391304347826087,1977.8754224629577,1998.510833333333,0.24666666666666792,2002.6083333333333,60.6734673671327,407521627.5869081,0.4075216275869081,0.47663784454705355,2047.71
2009-11-01,1877.49,1911.6649409947058,1830.69,1912.1066666666666,1907.59,1947.1127853499524,0.391304347826087,1962.4315113148105,2002.4108333333334,0.24624999999999808,1963.8983333333333,61.63974929115088,384626060.8066222,0.3846260608066222,0.4501287873056401,1986.22
2009-12-01,1899.52,1905.592470497353,1928.46,1894.8666666666668,1877.49,1933.5148466785372,0.391304347826087,1952.752817266378,1999.9991666666667,0.24666666666666615,1944.9616666666668,58.82188049558344,422586411.6494728,0.42258641164947275,0.5044048782967926,1951.24
2010-01-01,2061.02,1983.3062352486763,2022.2,1946.01,1899.52,1969.9448904846695,0.43478260869565216,1969.4093069177047,2003.2341666666669,0.29666666666666686,1947.1799999999996,49.48351479747651,679124627.9019035,0.6791246279019035,0.8163636091694843,1907.59
2010-02-01,2154.6,2068.953117624338,2021.64,2038.3799999999999,2061.02,2022.7034932033353,0.43478260869565216,1997.9001827765192,2014.3141666666668,0.29666666666666686,1975.243333333333,47.31805376367893,706391584.7145097,0.7063915847145097,0.8737806114872028,1877.49
2010-03-01,2233.62,2151.286558812169,2095.02,2149.7466666666664,2154.6,2082.9653522880967,0.43478260869565216,2034.1647700416702,2025.8641666666665,0.2887500000000003,2022.3066666666666,49.05759847618733,703383682.9424398,0.7033836829424398,0.8407253015851777,1899.52
2010-04-01,2147.25,2149.2682794060847,2068.47,2178.49,2233.62,2101.332394491498,0.43478260869565216,2051.562497727567,2032.4291666666666,0.29666666666666686,2062.25,49.43170036605429,681571619.3038763,0.6815716193038763,0.8189708066401488,2061.02
2010-05-01,2200.3,2174.7841397030425,2109.75,2193.7233333333334,2147.25,2129.6088532082126,0.43478260869565216,2074.4451903848644,2039.9750000000001,0.2887500000000003,2116.0516666666667,50.070537118068465,666372284.8126801,0.6663722848126801,0.7977052356630419,2154.6
2010-06-01,2145.79,2160.287069851521,2013.14,2164.4466666666667,2200.3,2134.232038005866,0.43478260869565216,2085.4213149410393,2051.0291666666667,0.29666666666666686,2157.096666666667,49.700882073467206,658489417.8937665,0.6584894178937665,0.7978944482007989,2233.62
2010-07-01,2110.43,2135.3585349257605,2047.71,2152.1733333333336,2145.79,2127.4314557184757,0.43478260869565216,2089.2688049501103,2056.255833333333,0.29666666666666686,2165.331666666667,48.70602169623725,686340261.4242735,0.6863402614242735,0.8346092106465341,2147.25
2010-08-01,2010.35,2072.85426746288,1986.22,2088.8566666666666,2110.43,2093.9796112274826,0.43478260869565216,2077.127450342401,2058.266666666667,0.29666666666666686,2141.29,48.06624002778238,710758376.9034606,0.7107583769034607,0.8633071422533808,2200.3
2010-09-01,1976.23,2024.5421337314401,1951.24,2032.3366666666668,2010.35,2060.336865162488,0.43478260869565216,2061.6047656743394,2060.3491666666664,0.2962499999999988,2098.3916666666664,47.56483963937489,702435003.6024595,0.7024350036024596,0.8663902859423435,2145.79
2010-10-01,1922.75,1973.64606686572,1907.59,1969.7766666666666,1976.23,2021.0263322589199,0.43478260869565216,2040.2424940321334,2061.6124999999997,0.29666666666666863,2060.975,49.809426325991346,660052075.6973338,0.6600520756973338,0.7972968252278495,2110.43
2010-11-01,1966.42,1970.03303343286,1877.49,1955.1333333333332,1922.75,2005.4245230420856,0.43478260869565216,2028.8851872579592,2069.023333333333,0.2962499999999988,2021.9950000000001,48.656903150137374,677578301.3154426,0.6775783013154426,0.829087744683279,2010.35
2010-12-01,2071.24,2020.63651671643,1899.52,1986.8033333333333,1966.42,2024.2289450300614,0.43478260869565216,2035.4013122951962,2083.3333333333335,0.29666666666666686,2009.5699999999997,49.40128145042824,685917366.8301057,0.6859173668301056,0.8225762503431587,1976.23
2011-01-01,2137.04,2078.838258358215,2061.02,2058.233333333333,2071.24,2056.4606750214725,0.4782608695652174,2051.0380334805504,2089.668333333333,0.13666666666666671,2014.0049999999999,50.401560298177905,737501753.5797088,0.7375017535797088,0.8411979070093417,1922.75
2011-02-01,2212.16,2145.4991291791075,2154.6,2140.1466666666665,2137.04,2100.946196443909,0.4782608695652174,2075.8260283296963,2094.465,0.13666666666666671,2047.64,50.939286479078405,737538790.6840293,0.7375387906840294,0.8323521372800889,1966.42
2011-03-01,2235.63,2190.564564589554,2233.62,2194.943333333333,2212.16,2139.4272831742205,0.4782608695652174,2100.4112547405125,2094.6325,0.1387500000000017,2090.8733333333334,52.163632069279124,706778803.3462943,0.7067788033462943,0.792959358920248,2071.24
2011-04-01,2281.7,2236.132282294777,2147.25,2243.1633333333334,2235.63,2180.0766308387288,0.4782608695652174,2128.3018309342797,2105.8366666666666,0.13666666666666671,2150.6983333333333,51.13613636874083,711426061.6846586,0.7114260616846586,0.8119845277816405,2137.04
2011-05-01,2252.1,2244.1161411473886,2200.3,2256.476666666667,2281.7,2200.6547363133777,0.4782608695652174,2147.3477030982367,2110.153333333333,0.1387500000000017,2198.311666666667,49.60886637787212,767369940.3612257,0.7673699403612257,0.8742244824490831,2212.16
2011-06-01,2189.98,2217.0480705736945,2145.79,2241.2599999999998,2252.1,2197.6048116524125,0.4782608695652174,2153.9065180062003,2113.835833333333,0.13666666666666671,2218.101666666667,51.96205402331587,715371993.0705224,0.7153719930705225,0.8016787003218151,2235.63
2011-07-01,2118.76,2167.9040352868474,2110.43,2186.9466666666667,2189.98,2175.077722608866,0.4782608695652174,2148.499361389862,2114.53,0.13666666666666671,2215.055,51.12362553296561,714244309.4368535,0.7142443094368536,0.8140613898641605,2281.7
2011-08-01,2096.47,2132.1870176434236,2010.35,2135.0699999999997,2118.76,2152.618373292047,0.4782608695652174,2140.49484425296,2121.7066666666665,0.13666666666666671,2195.773333333333,50.97474231619085,716408609.366567,0.716408609366567,0.8178788599534975,2252.1
2011-09-01,2128.0,2130.093508821712,1976.23,2114.41,2096.47,2145.584552351462,0.4782608695652174,2138.5725605217353,2134.3541666666665,0.13625000000000043,2177.8349999999996,52.01738047272297,704081019.948655,0.704081019948655,0.7934037576545279,2189.98
2011-10-01,2134.81,2132.4517544108558,1922.75,2119.7599999999998,2128.0,2142.506108822473,0.4782608695652174,2137.993705056853,2152.025833333333,0.1366666666666685,2153.353333333333,50.414824046148865,765656864.0493536,0.7656568640493536,0.8591757361463273,2118.76
2011-11-01,2099.88,2116.165877205428,1966.42,2120.8966666666665,2134.81,2130.327220587481,0.4782608695652174,2132.1300581250293,2163.1475,0.13625000000000043,2127.983333333333,49.591420238969384,760683852.5145174,0.7606838525145174,0.8702001729662351,2096.47
2011-12-01,2113.48,2114.822938602714,2071.24,2116.056666666667,2099.88,2125.5137289910576,0.4782608695652174,2129.2608184134865,2166.6675,0.13666666666666671,2115.233333333333,50.72835130447866,728523394.9398646,0.7285233949398646,0.8298937362347375,2128.0
2012-01-01,2279.87,2197.346469301357,2137.04,2164.41,2113.48,2169.615520707898,0.5217391304347826,2152.4314617344885,2178.57,-0.08333333333333215,2142.085,49.1872339993702,822670343.6866261,0.8226703436866261,0.9166027617077084,2134.81
2012-02-01,2304.59,2250.968234650679,2212.16,2232.646666666667,2279.87,2208.1796576484985,0.5217391304347826,2175.8404676214905,2186.2725,-0.08333333333333215,2176.771666666667,51.34448942641696,773843628.2792647,0.7738436282792647,0.8487259050598217,2099.88
2012-03-01,2335.79,2293.3791173253394,2235.63,2306.75,2304.59,2244.639755463213,0.5217391304347826,2200.448087987415,2194.619166666667,-0.08125000000000071,2211.403333333333,51.00453595215035,786898227.538475,0.786898227538475,0.8624495414019568,2113.48
2012-04-01,2317.25,2305.3145586626697,2281.7,2319.2099999999996,2335.79,2265.385539616581,0.5217391304347826,2218.417612912428,2197.5816666666665,-0.08333333333333215,2241.81,50.27500815663594,782242906.9354833,0.7822429069354834,0.8720435376432532,2279.87
2012-05-01,2349.37,2327.342279331335,2252.1,2334.1366666666668,2317.25,2289.3810997261294,0.5217391304347826,2238.5641340028237,2205.6875,-0.08125000000000071,2283.391666666667,49.58640669489851,813024082.1555978,0.8130240821555978,0.9033465462508127,2304.59
2012-06-01,2329.43,2328.3861396656675,2189.98,2332.016666666667,2349.37,2300.823642661521,0.5217391304347826,2252.5434980023892,2217.308333333333,-0.08333333333333215,2319.383333333333,51.86149118336628,772212381.6458111,0.7722123816458111,0.8392739195789107,2335.79
2012-07-01,2219.52,2273.9530698328335,2118.76,2299.44,2329.43,2277.5940304725145,0.5217391304347826,2247.4629598481756,2225.705,-0.08333333333333215,2309.325,50.72420516054671,799980623.7482966,0.7999806237482966,0.8752275563211457,2317.25
2012-08-01,2203.04,2238.4965349164167,2096.47,2250.6633333333334,2219.52,2256.2928789089387,0.5217391304347826,2240.6286583330716,2234.585833333333,-0.08333333333333215,2292.4,49.742165114380114,817238767.1404124,0.8172387671404124,0.9030922146350014,2349.37
2012-09-01,2130.02,2184.258267458208,2128.0,2184.193333333333,2203.04,2220.2149135063846,0.5217391304347826,2223.611941666445,2234.7541666666666,-0.08375000000000021,2258.105,49.95043320810523,814005353.8703924,0.8140053538703924,0.8973676372625327,2329.43
2012-10-01,2093.78,2139.0191337291044,2134.81,2142.28,2130.02,2184.0906525045607,0.5217391304347826,2203.637796794684,2231.335,-0.08333333333333215,2220.86,50.334046068469675,785022614.4267458,0.7850226144267458,0.8727573256358848,2219.52
2012-11-01,2197.36,2168.189566864552,2099.88,2140.3866666666668,2093.78,2187.8818946461147,0.5217391304347826,2202.671981903194,2239.4583333333335,-0.08375000000000021,2195.525,50.64241012397556,779176068.8627254,0.7791760688627254,0.8638146671526363,2203.04
2012-12-01,2239.99,2204.089783432276,2113.48,2177.0433333333335,2197.36,2202.7699247472246,0.5217391304347826,2208.4132154565486,2250.0008333333335,-0.08333333333333215,2180.6183333333333,49.92735631136067,798267942.8694326,0.7982679428694326,0.8881212642346106,2130.02
2013-01-01,2356.04,2280.064891716138,2279.87,2264.4633333333336,2239.99,2246.5613748194464,0.5652173913043478,2231.1250284632333,2256.3483333333334,-0.25333333333333385,2203.3716666666664,33.52311025957665,1391790336.6465647,1.3917903366465647,1.7336646514022276,2093.78
2013-02-01,2371.04,2325.552445858069,2304.59,2322.3566666666666,2356.04,2282.1266962996046,0.5652173913043478,2252.6504086996592,2261.8858333333333,-0.25333333333333385,2231.3716666666664,32.871381471507725,1449460878.2268064,1.4494608782268064,1.7979557027158484,2197.36
2013-03-01,2423.49,2374.5212229290346,2335.79,2383.523333333333,2371.04,2322.5162116425745,0.5652173913043478,2278.9334227458653,2269.1941666666667,-0.2612500000000004,2280.2833333333333,33.15858654692996,1413779418.692716,1.413779418692716,1.764191765329999,2239.99
2013-04-01,2447.87,2411.1956114645172,2317.25,2414.133333333333,2423.49,2358.3315797446962,0.5652173913043478,2304.9236654003475,2280.079166666667,-0.25333333333333385,2339.2983333333336,33.247084778715745,1383723764.771522,1.3837237647715221,1.7437822610126725,2356.04
2013-05-01,2402.32,2406.757805732259,2349.37,2424.56,2447.87,2370.89969981764,0.5652173913043478,2319.9077168772174,2284.491666666667,-0.2612500000000004,2373.4583333333335,32.892996948014144,1389412151.9021606,1.3894121519021607,1.7655676313292192,2371.04
2013-06-01,2328.44,2367.5989028661297,2329.43,2392.8766666666666,2402.32,2358.7683570126,0.5652173913043478,2321.220375819184,2284.409166666667,-0.25333333333333385,2388.2000000000003,32.83884130965267,1415639532.1622472,1.4156395321622472,1.7823196630032667,2423.49
2013-07-01,2330.3,2348.949451433065,2219.52,2353.686666666667,2328.44,2350.6345407232857,0.5652173913043478,2322.6172410777713,2293.6408333333334,-0.25333333333333385,2383.91,32.28352896227113,1413588674.3616283,1.4135886743616284,1.8118481110089937,2447.87
2013-08-01,2255.11,2302.0297257165325,2203.04,2304.616666666667,2330.3,2323.341814802347,0.5652173913043478,2312.231511681191,2297.98,-0.25333333333333385,2364.5883333333336,31.693766454060853,1476605519.2086222,1.4766055192086223,1.8788013290103829,2402.32
2013-09-01,2268.07,2285.0498628582664,2130.02,2284.4933333333333,2255.11,2307.549867715962,0.5652173913043478,2305.4374329610077,2309.4841666666666,-0.25375000000000014,2338.685,32.73914779453094,1417404509.8148923,1.4174045098148922,1.788663797309327,2328.44
2013-10-01,2247.24,2266.144931429133,2093.78,2256.806666666667,2268.07,2290.3184769399727,0.5652173913043478,2296.483981736237,2322.2725,-0.2533333333333321,2305.246666666667,33.63439221429211,1385085262.507588,1.385085262507588,1.7244395668504993,2330.3
2013-11-01,2270.63,2268.3874657145666,2197.36,2261.98,2247.24,2284.693197814266,0.5652173913043478,2292.5064460845088,2328.3783333333336,-0.25375000000000014,2283.2983333333336,33.88807684778098,1376766810.7162626,1.3767668107162625,1.707214236680582,2255.11
2013-12-01,2299.45,2283.9187328572834,2239.99,2272.44,2270.63,2288.90942701019,0.5652173913043478,2293.5746851484305,2333.3333333333335,-0.25333333333333385,2278.4666666666667,33.28113031356649,1387312376.4518654,1.3873123764518653,1.743896387183968,2268.07
2014-01-01,2459.15,2371.534366428642,2356.04,2343.0766666666664,2299.45,2337.5495907215645,0.6086956521739131,2319.0478105102106,2341.9258333333332,0.16666666666666785,2299.9416666666666,27.56226958907868,1975130578.4765315,1.9751305784765314,2.4057223819281037,2247.24
2014-02-01,2436.45,2403.992183214321,2371.04,2398.35,2459.15,2365.8068505154033,0.6086956521739131,2337.109685816332,2347.3766666666666,0.16666666666666785,2330.165,27.14047292936686,1991218868.5193608,1.9912188685193608,2.4497330905159744,2270.63
2014-03-01,2501.03,2452.511091607161,2423.49,2465.5433333333335,2436.45,2404.442036082431,0.6086956521739131,2362.328195690742,2353.838333333333,0.15875000000000128,2368.991666666667,26.66010196413311,2053019034.6272607,2.0530190346272605,2.519233445765687,2299.45
2014-04-01,2508.16,2480.3355458035803,2447.87,2481.8799999999997,2501.03,2434.075740058879,0.6086956521739131,2384.7638578921665,2358.8624999999997,0.16666666666666785,2412.478333333333,27.079966737828666,1980151278.298968,1.980151278298968,2.450609560865078,2459.15
2014-05-01,2584.15,2532.24277290179,2402.32,2531.1133333333332,2508.16,2476.954100042057,0.6086956521739131,2415.4386489856793,2374.015,0.15875000000000128,2464.7316666666666,28.266055021301675,1926661526.5251565,1.9266615265251565,2.326178615825316,2436.45
2014-06-01,2504.99,2518.616386450895,2328.44,2532.433333333333,2584.15,2484.9643571728975,0.6086956521739131,2429.215779910959,2388.7275,0.16666666666666785,2498.9883333333332,27.937516698739007,1931143968.408029,1.9311439684080292,2.3553729291912195,2501.03
2014-07-01,2445.5,2482.058193225447,2330.3,2511.5466666666666,2504.99,2473.6888265520697,0.6086956521739131,2431.721044540042,2398.3275,0.16666666666666785,2496.7133333333336,26.55980852937489,2082325596.656156,2.082325596656156,2.5404755189760495,2508.16
2014-08-01,2351.66,2416.8590966127235,2255.11,2434.0499999999997,2445.5,2438.823447537193,0.6086956521739131,2419.403960764651,2406.3733333333334,0.16666666666666785,2482.5816666666665,27.246905621956305,1953024653.8878136,1.9530246538878135,2.4242870486789,2584.15
2014-09-01,2319.41,2368.1345483063615,2268.07,2372.19,2351.66,2404.7053196694233,0.6086956521739131,2404.020274493166,2410.651666666666,0.1662499999999998,2452.3116666666665,26.212864839003547,2055993963.3002613,2.0559939633002613,2.5633803200472145,2504.99
2014-10-01,2316.96,2342.5472741531808,2247.24,2329.3433333333337,2319.41,2379.635228335302,0.6086956521739131,2390.626386109602,2416.4616666666666,0.16666666666666785,2420.4449999999997,27.6994034758335,1925406127.2993743,1.9254061272993743,2.3731770656819235,2445.5
2014-11-01,2229.21,2285.87863707659,2270.63,2288.5266666666666,2316.96,2336.656591668073,0.6086956521739131,2365.793095938894,2413.0099999999998,0.1662499999999998,2361.2883333333334,26.245161305949406,2062973187.875445,2.062973187875445,2.56307450914556,2351.66
2014-12-01,2343.33,2314.604318538295,2299.45,2296.5,2229.21,2338.563279762909,0.6086956521739131,2362.337235025218,2416.6666666666665,0.16666666666666785,2334.345,26.478636421495274,2047495056.2327435,2.0474950562327434,2.5342319763634955,2319.41
2015-01-01,2450.81,2382.7071592691473,2459.15,2341.1166666666663,2343.33,2370.633771259221,0.6521739130434783,2375.9484296367227,2415.971666666667,0.09666666666666757,2335.23,22.261541121843138,2587729060.2984447,2.587729060298445,3.2359404113200902,2316.96
2015-02-01,2554.5,2468.6035796345736,2436.45,2449.5466666666666,2450.81,2423.166979470872,0.6521739130434783,2403.417902000304,2425.8091666666664,0.09666666666666757,2369.0366666666664,23.209978056972062,2477366590.8809066,2.4773665908809064,3.065683435232728,2229.21
2015-03-01,2641.37,2554.986789817287,2501.03,2548.893333333333,2554.5,2485.510699622051,0.6521739130434783,2440.02591707718,2437.5041666666666,0.098749999999999,2422.6966666666667,23.482210939979822,2442659258.225029,2.442659258225029,3.017817529605641,2343.33
2015-04-01,2692.32,2623.6533949086433,2508.16,2629.396666666667,2641.37,2544.5990711586082,0.6521739130434783,2478.8403913729985,2452.8508333333334,0.09666666666666757,2485.2566666666667,22.705168181843955,2616795041.957836,2.616795041957836,3.1826769166772433,2450.81
2015-05-01,2618.38,2621.0166974543217,2584.15,2650.69,2692.32,2565.679336541863,0.6521739130434783,2500.3080234694603,2455.7033333333334,0.098749999999999,2550.1183333333333,22.712613997479636,2585906085.9942927,2.5859060859942926,3.171128270810907,2554.5
2015-06-01,2600.08,2610.548348727161,2504.99,2636.9266666666667,2618.38,2575.508097529902,0.6521739130434783,2515.6575583203125,2463.6275,0.09666666666666757,2592.91,21.914176694817407,2677800813.408103,2.677800813408103,3.318382052193537,2641.37
2015-07-01,2528.21,2569.37917436358,2445.5,2582.2233333333334,2600.08,2561.9943553785015,0.6521739130434783,2517.5887031941106,2470.52,0.09666666666666757,2605.81,21.858975107349334,2690754144.5778494,2.6907541445778493,3.331126466270371,2692.32
2015-08-01,2402.26,2485.81958718179,2351.66,2510.183333333333,2528.21,2516.355968127501,0.6521739130434783,2499.845825779632,2474.7366666666667,0.09666666666666757,2580.436666666667,21.767825890396175,2661255529.34678,2.66125552934678,3.335008111812336,2618.38
2015-09-01,2359.26,2422.539793590895,2319.41,2429.91,2402.26,2471.471405805358,0.6521739130434783,2478.21723719815,2478.0575000000003,0.0962499999999995,2533.4183333333335,23.49243305417684,2452065223.711567,2.4520652237115668,3.019881038667042,2600.08
2015-10-01,2364.91,2393.7248967954474,2316.96,2375.476666666667,2359.26,2441.0252898609697,0.6521739130434783,2460.7853545522808,2482.0533333333333,0.09666666666666757,2478.85,23.195647044089856,2523598416.974541,2.5235984169745413,3.083871760473508,2528.21
2015-11-01,2358.06,2375.8924483977235,2229.21,2360.7433333333333,2364.91,2417.320921329264,0.6521739130434783,2444.98145385193,2492.790833333333,0.0962499999999995,2435.4633333333336,22.948163760388866,2526895333.036593,2.526895333036593,3.118246770550416,2402.26
2015-12-01,2429.84,2402.866224198862,2343.33,2384.27,2358.06,2420.897800949474,0.6521739130434783,2442.651999413172,2500.0,0.09666666666666757,2407.09,23.324997925381084,2495652555.4528337,2.4956525554528337,3.057045723448537,2359.26
2016-01-01,2645.63,2524.2481120994307,2450.81,2477.8433333333332,2429.84,2485.1070006781956,0.6956521739130435,2473.8793841188376,2516.235,0.206666666666667,2426.66,18.016011230139284,3480619172.3612456,3.4806191723612456,4.306477253650168,2364.91
2016-02-01,2698.53,2611.3890560497157,2554.5,2591.3333333333335,2645.63,2546.0850004844256,0.6956521739130435,2508.4410173313245,2528.2375,0.206666666666667,2476.0383333333334,17.969679672876847,3341626139.922621,3.341626139922621,4.27768494437307,2358.06
2016-03-01,2759.9,2685.644528024858,2641.37,2701.3533333333335,2698.53,2607.1750003460184,0.6956521739130435,2547.1270146649667,2538.1150000000002,0.20874999999999844,2542.8116666666665,18.197491333900434,3309623473.274832,3.309623473274832,4.214774234317642,2429.84
2016-04-01,2764.59,2725.117264012429,2692.32,2741.0066666666667,2759.9,2652.1507145328706,0.6956521739130435,2580.5828585626646,2544.1375000000003,0.206666666666667,2609.4249999999997,18.470632281045678,3303314117.5461235,3.3033141175461234,4.150677782017911,2645.63
2016-05-01,2647.67,2686.393632006215,2618.38,2724.0533333333333,2764.59,2650.8705103806215,0.6956521739130435,2590.903957245331,2546.5783333333334,0.20874999999999844,2657.693333333333,18.066730593707064,3350984479.211779,3.350984479211779,4.257485563411249,2698.53
2016-06-01,2571.62,2629.0068160031074,2600.08,2661.2933333333335,2647.67,2628.2275074147296,0.6956521739130435,2587.9371945922035,2544.2066666666665,0.206666666666667,2681.3233333333333,17.449122051409198,3475181983.225979,3.475181983225979,4.444648965465695,2759.9
2016-07-01,2608.75,2618.878408001554,2528.21,2609.346666666667,2571.62,2622.6625052962354,0.6956521739130435,2591.1391646549414,2550.9183333333335,0.206666666666667,2675.1766666666667,18.0006854753727,3461215134.5006285,3.4612151345006286,4.3047299638108205,2764.59
2016-08-01,2481.01,2549.944204000777,2402.26,2553.7933333333335,2608.75,2582.1903609258825,0.6956521739130435,2574.196216246489,2557.4808333333335,0.206666666666667,2638.9233333333336,18.270675725559897,3333755247.808866,3.333755247808866,4.205005638310973,2647.67
2016-09-01,2476.77,2513.3571020003883,2359.26,2522.1766666666667,2481.01,2552.070257804202,0.6956521739130435,2559.207567593183,2567.273333333333,0.20624999999999893,2591.735,18.272349942407754,3409049998.549772,3.4090499985497718,4.226250232650875,2571.62
2016-10-01,2427.75,2470.553551000194,2364.91,2461.8433333333337,2476.77,2516.5501841458586,0.6956521739130435,2538.983326425001,2572.5099999999998,0.20666666666666877,2535.595,18.63181356383196,3288919378.6734824,3.2889193786734823,4.110617604681745,2608.75
2016-11-01,2459.37,2464.9617755000972,2358.06,2454.6299999999997,2427.75,2500.2129886756134,0.6956521739130435,2526.735122359616,2580.9525,0.20624999999999893,2504.2116666666666,18.679585842981997,3289509681.0018024,3.2895096810018023,4.100290234463999,2481.01
2016-12-01,2458.39,2461.675887750049,2429.84,2448.503333333333,2459.37,2488.2635633397235,0.6956521739130435,2516.2204881504445,2583.331666666667,0.206666666666667,2485.34,18.35136756497623,3286959635.8553123,3.2869596358553124,4.17277394855034,2476.77
2017-01-01,2700.91,2581.2929438750243,2645.63,2539.556666666667,2458.39,2549.0196880998024,0.7391304347826086,2544.6342592042224,2587.9383333333335,0.34666666666666757,2500.7000000000003,17.41143828289024,3615694996.579492,3.6156949965794922,4.493450654723433,2427.75
2017-02-01,2719.46,2650.376471937512,2698.53,2626.253333333333,2700.91,2597.7169200712874,0.7391304347826086,2571.5305270189574,2589.6825,0.34666666666666757,2540.4416666666666,17.960986969207898,3596530475.8891525,3.5965304758891525,4.3510860779144425,2459.37
2017-03-01,2713.14,2681.758235968756,2759.9,2711.17,2719.46,2630.6949429080623,0.7391304347826086,2593.3165997852716,2585.7858333333334,0.338750000000001,2579.8366666666666,18.545314993090596,3364822469.084642,3.364822469084642,4.1516924185540285,2458.39
2017-04-01,2798.1,2739.9291179843776,2764.59,2743.566666666667,2713.14,2678.5249592200444,0.7391304347826086,2624.8217382798452,2588.5783333333334,0.34666666666666757,2641.5616666666665,18.2377829168304,3424398706.8343024,3.4243987068343023,4.238577624155919,2700.91
2017-05-01,2761.0,2750.464558992189,2647.67,2757.4133333333334,2798.1,2702.0892565857457,0.7391304347826086,2645.772240082946,2598.0224999999996,0.338750000000001,2691.8333333333335,17.493126613184298,3649359707.817472,3.6493597078174718,4.481490035955864,2719.46
2017-06-01,2691.0,2720.7322794960946,2571.62,2750.0333333333333,2761.0,2698.920897561247,0.7391304347826086,2652.730356993262,2607.9708333333333,0.34666666666666757,2730.601666666667,17.694366546088368,3569015481.68037,3.5690154816803696,4.4091403781977245,2713.14
2017-07-01,2673.73,2697.231139748047,2608.75,2708.5766666666664,2691.0,2691.7234982580335,0.7391304347826086,2655.9610713019906,2613.3858333333333,0.34666666666666757,2726.0716666666667,17.987102580312463,3555486952.10894,3.5554869521089403,4.333845039714227,2798.1
2017-08-01,2543.87,2620.5505698740235,2481.01,2636.2000000000003,2673.73,2649.479641612881,0.7391304347826086,2638.7162911016844,2618.624166666667,0.34666666666666757,2696.806666666667,17.48281249359129,3630316872.391738,3.630316872391738,4.479054656198418,2761.0
2017-09-01,2630.03,2625.290284937012,2476.77,2615.8766666666666,2543.87,2643.9226011520577,0.7391304347826086,2637.379938624502,2631.3958333333335,0.3462499999999995,2682.955,17.67788000503834,3676633639.975062,3.676633639975062,4.441828914462856,2691.0
2017-10-01,2544.1,2584.6951424685058,2427.75,2572.6666666666665,2630.03,2615.4018579657554,0.7391304347826086,2623.029178836117,2641.0916666666667,0.34666666666666757,2640.6216666666664,18.257803672537314,3455256851.242852,3.455256851242852,4.242535464382686,2673.73
2017-11-01,2617.78,2601.2375712342528,2459.37,2597.3033333333337,2544.1,2616.081327118397,0.7391304347826086,2622.2216128613295,2654.2925,0.3462499999999995,2616.7516666666666,18.588892588690822,3409514910.8913307,3.4095149108913305,4.154499866564872,2543.87
2017-12-01,2606.88,2604.0587856171264,2458.39,2589.5866666666666,2617.78,2613.4523765131407,0.7391304347826086,2619.861364728817,2666.6666666666665,0.34666666666666757,2602.7316666666666,18.77895264973606,3420947881.275402,3.420947881275402,4.115635409806469,2630.03
2018-01-01,2784.09,2694.074392808563,2700.91,2669.5833333333335,2606.88,2662.205983223672,0.782608695652174,2645.1273086166916,2673.5983333333334,-0.6933333333333351,2621.125,12.731326030508491,4946327814.464163,4.946327814464163,6.52509917477205,2544.1
2018-02-01,2859.79,2776.9321964042815,2719.46,2750.2533333333336,2784.09,2718.65855944548,0.782608695652174,2678.1523380602775,2685.2925,-0.6933333333333351,2673.778333333333,13.256108845206818,4695618308.893457,4.695618308893457,6.210992686428709,2617.78
2018-03-01,2924.19,2850.561098202141,2713.14,2856.023333333333,2859.79,2777.381828175343,0.782608695652174,2716.004286051004,2702.88,-0.6912500000000001,2722.805,13.088544742057925,4921524828.639134,4.921524828639134,6.341832613430764,2606.88
2018-04-01,2848.05,2849.3055491010705,2798.1,2877.3433333333337,2924.19,2797.572734410959,0.782608695652174,2736.319011273926,2707.0425,-0.6933333333333351,2773.4633333333336,12.927995738630944,4832968063.154594,4.832968063154595,6.400554297566928,2784.09
2018-05-01,2908.76,2879.0327745505356,2761.0,2893.6666666666665,2848.05,2829.3405245792565,0.782608695652174,2762.8483941548607,2719.3558333333335,-0.6912500000000001,2821.9600000000005,13.387039464522438,4709942496.739924,4.709942496739925,6.153632288886488,2859.79
2018-06-01,2770.39,2824.711387275268,2691.0,2842.4,2908.76,2812.4975175566115,0.782608695652174,2764.008641207959,2725.971666666667,-0.6933333333333351,2849.2116666666666,13.069721001407443,4748467654.653637,4.748467654653637,6.311860747625975,2924.19
2018-07-01,2700.93,2762.8206936376337,2673.73,2793.36,2770.39,2780.6210839690084,0.782608695652174,2754.304234868273,2728.2383333333332,-0.6933333333333351,2835.351666666667,12.668510339430512,4979278668.835177,4.979278668835177,6.564764164875784,2848.05
2018-08-01,2750.62,2756.720346818817,2543.87,2740.646666666667,2700.93,2772.049345692149,0.782608695652174,2753.737429503923,2745.4675,-0.6933333333333351,2817.1566666666663,12.865904629528998,4952297063.767125,4.9522970637671255,6.458252680078499,2908.76
2018-09-01,2600.81,2678.7651734094084,2630.03,2684.12,2750.62,2723.123818351535,0.782608695652174,2730.2101326571656,2743.0325,-0.6937499999999996,2763.2599999999998,13.656737813429151,4644114265.999727,4.644114265999727,6.017236214413028,2770.39
2018-10-01,2626.73,2652.747586704704,2544.1,2659.3866666666668,2600.81,2695.5827273939535,0.782608695652174,2714.290112248371,2749.918333333333,-0.6933333333333316,2726.3733333333334,13.05920952298075,4870776947.513443,4.870776947513443,6.344825431592439,2700.93
2018-11-01,2543.0,2597.873793352352,2617.78,2590.18,2626.73,2651.9876624242524,0.782608695652174,2687.9377872870828,2743.6866666666665,-0.6937499999999996,2665.4133333333334,13.358047116750273,4680860640.584023,4.680860640584023,6.16022644933085,2750.62
2018-12-01,2682.65,2640.261896676176,2606.88,2617.46,2543.0,2660.7483303030376,0.782608695652174,2687.1242815506084,2750.0008333333335,-0.6933333333333351,2650.7900000000004,12.921285863683723,4964347473.603718,4.964347473603718,6.433248647924714,2600.81
2019-01-01,2730.97,2685.615948338088,2784.09,2652.2066666666665,2682.65,2680.8116645021696,0.8260869565217391,2693.8697766966684,2745.5741666666668,-0.08333333333333215,2655.7966666666666,10.519914830623543,6278722844.526899,6.278722844526899,8.189117479829568,2626.73
2019-02-01,2907.81,2796.712974169044,2859.79,2773.81,2730.97,2745.668331787264,0.8260869565217391,2726.783657204873,2749.575833333333,-0.08333333333333215,2681.995,10.257101803777836,6653921274.908133,6.653921274908132,8.464789480138048,2543.0
2019-03-01,2952.87,2874.791487084522,2924.19,2863.883333333333,2907.81,2804.868808419474,0.8260869565217391,2761.5661714810467,2751.965833333333,-0.08125000000000071,2740.6716666666666,10.034640251309183,6604707878.29259,6.60470787829259,8.64371677485008,2682.65
2019-04-01,3034.1,2954.445743542261,2848.05,2964.9266666666667,2952.87,2870.363434585339,0.8260869565217391,2803.494452791655,2767.47,-0.08333333333333215,2808.566666666667,10.437679954452062,6489671342.019535,6.489671342019535,8.290882850509933,2730.97
2019-05-01,2994.76,2974.6028717711306,2908.76,2993.91,3034.1,2905.9053104180994,0.8260869565217391,2832.919921592939,2774.6366666666668,-0.08125000000000071,2883.86,10.640747021230572,6189731403.479705,6.189731403479705,8.0801554379537,2907.81
2019-06-01,2984.6,2979.6014358855655,2770.39,3004.486666666666,2994.76,2928.3895074414995,0.8260869565217391,2856.255318270948,2792.4874999999997,-0.08333333333333215,2934.185,10.480905749534731,6498138890.42896,6.49813889042896,8.25818138806721,2952.87
2019-07-01,2718.08,2848.8407179427827,2700.93,2899.146666666666,2984.6,2868.301076743928,0.8260869565217391,2834.9975769984944,2793.9166666666665,-0.08333333333333215,2932.036666666667,9.997232368271566,6631795702.375983,6.6317957023759835,8.680720477893427,3034.1
2019-08-01,2832.42,2840.6303589713916,2750.62,2845.033333333333,2718.08,2858.0493405313773,0.8260869565217391,2834.601026691034,2800.7333333333336,-0.08333333333333215,2919.471666666667,10.192824911025928,6637467578.392068,6.637467578392068,8.515319498603056,2994.76
2019-09-01,2777.34,2808.985179485696,2600.81,2775.9466666666667,2832.42,2834.989528950984,0.8260869565217391,2825.791637969336,2815.4441666666667,-0.08375000000000021,2890.216666666667,10.343555338013953,6597765554.264134,6.597765554264134,8.384726044626344,2984.6
2019-10-01,2669.9,2739.442589742848,2626.73,2759.8866666666668,2777.34,2787.8210921078457,0.8260869565217391,2801.8083090509767,2819.0416666666665,-0.08333333333333215,2829.516666666667,10.846659639294097,6072445615.44749,6.0724456154474895,7.90555273969253,2718.08
2019-11-01,2698.77,2719.1062948714243,2543.0,2715.3366666666666,2669.9,2762.3779229341753,0.8260869565217391,2785.9562615046725,2832.0224999999996,-0.08375000000000021,2780.185,10.770136466053751,6097879933.207581,6.09787993320758,7.966384660959775,2832.42
2019-12-01,2698.38,2708.743147435712,2682.65,2689.016666666667,2698.77,2744.0928020958395,0.8260869565217391,2772.4829905039537,2833.3333333333335,-0.08333333333333215,2732.4816666666666,10.827836959646342,6090495928.7694,6.0904959287694,7.922623756065625,2777.34
2020-01-01,2860.86,2784.801573717856,2730.97,2752.67,2698.38,2777.454858639885,0.8695652173913043,2786.0794535033456,2844.1575,0.336666666666666,2756.2783333333336,11.313708660418067,6027522064.241246,6.027522064241246,7.571565980292074,2669.9
2020-02-01,3017.35,2901.075786858928,2907.81,2858.8633333333332,2860.86,2845.996327599918,0.8695652173913043,2821.659537579754,2853.2858333333334,0.336666666666666,2787.1,10.70172038991749,6424946431.168353,6.424946431168353,8.07562922105508,2698.77
2020-03-01,3047.45,2974.262893429464,2952.87,2975.22,3017.35,2903.554519714227,0.8695652173913043,2856.396531798254,2861.1675,0.338750000000001,2832.1183333333333,10.62042577478761,6501263017.10428,6.5012630171042805,8.150356714738107,2698.38
2020-04-01,3096.63,3035.446446714732,3034.1,3053.81,3047.45,2958.7189426530194,0.8695652173913043,2893.3555269062144,2866.3783333333336,0.336666666666666,2903.2400000000002,11.023144438527401,6180434702.908053,6.1804347029080535,7.798560436155166,2860.86
2020-05-01,3052.38,3043.913223357366,2994.76,3065.486666666666,3096.63,2985.479244752157,0.8695652173913043,2917.820830459105,2871.18,0.338750000000001,2962.1749999999997,10.79902719947199,6359036501.104595,6.359036501104595,7.991707565939174,3017.35
2020-06-01,2913.79,2978.851611678683,2984.6,3020.933333333333,3052.38,2964.996603394398,0.8695652173913043,2917.2007026961655,2865.2791666666667,0.336666666666666,2998.0766666666664,11.10966968198333,6031124888.284063,6.031124888284063,7.711107182183221,3047.45
2020-07-01,2856.34,2917.5958058393417,2718.08,2940.8366666666666,2913.79,2933.951859567427,0.8695652173913043,2907.837517665986,2876.8008333333332,0.336666666666666,2997.3233333333337,11.025327744847315,6066753231.359653,6.0667532313596535,7.776565698359694,3096.63
2020-08-01,2795.66,2856.6279029196708,2832.42,2855.263333333334,2856.34,2894.439899691019,0.8695652173913043,2890.579438025065,2873.7374999999997,0.336666666666666,2960.375,10.270354906459927,6494939003.059087,6.494939003059087,8.426703082941168,3052.38
2020-09-01,2847.91,2852.268951459835,2777.34,2833.3033333333333,2795.66,2881.145642636442,0.8695652173913043,2884.0149090981317,2879.6183333333333,0.3362500000000015,2927.1183333333333,11.113959980478135,6018415044.976613,6.018415044976613,7.705801976401412,2913.79
2020-10-01,2847.2,2849.7344757299174,2669.9,2830.2566666666667,2847.91,2871.4468875974585,0.8695652173913043,2878.3510769291884,2894.3933333333334,0.3366666666666678,2885.5466666666666,11.090735719153546,6141856144.063685,6.141856144063685,7.744265576982366,2856.34
2020-11-01,2764.02,2806.8772378649587,2698.77,2819.7099999999996,2847.2,2840.7534911410416,0.8695652173913043,2860.761680478544,2899.8308333333334,0.3362500000000015,2837.486666666666,10.97096950250531,6263132036.184633,6.263132036184634,7.850149694103732,2795.66
2020-12-01,2900.42,2853.6486189324796,2698.38,2837.213333333333,2764.02,2857.8010651007444,0.8695652173913043,2866.862960404922,2916.6675,0.336666666666666,2835.258333333333,10.68998113575827,6467076775.858646,6.467076775858646,8.091643292417473,2847.91
2021-01-01,3010.89,2932.26930946624,2860.86,2891.7766666666666,2900.42,2901.5407607862458,0.9130434782608695,2889.0209664964723,2929.17,-0.053333333333334565,2861.0166666666664,9.409493201904597,7203662135.680929,7.203662135680929,9.320025212206863,2847.2
2021-02-01,3174.76,3053.51465473312,3017.35,3028.69,3010.89,2979.603400561604,0.9130434782608695,2932.980817804707,2942.2875000000004,-0.053333333333334565,2924.2000000000003,9.267524880475957,7276683741.144936,7.276683741144936,9.47430921494731,2764.02
2021-03-01,3271.32,3162.41732736656,3047.45,3152.3233333333333,3174.76,3062.9510004011454,0.9130434782608695,2985.032999680906,2960.943333333333,-0.051249999999999574,2994.7683333333334,10.020832895975946,6935025836.931339,6.935025836931339,8.710640414456119,2900.42
2021-04-01,3180.15,3171.28366368328,3096.63,3208.7433333333333,3271.32,3096.436428857961,0.9130434782608695,3015.0509997299973,2967.903333333333,-0.053333333333334565,3050.2599999999998,9.553808800987314,7229064236.164957,7.229064236164957,9.183390082262195,3010.89
2021-05-01,3182.68,3176.98183184164,3052.38,3211.383333333333,3180.15,3121.0774491842576,0.9130434782608695,3040.840076694613,2978.7616666666668,-0.051249999999999574,3120.036666666667,9.563182639701594,7072866557.328259,7.072866557328259,9.149620131764934,3174.76
2021-06-01,3037.12,3107.05091592082,2913.79,3133.316666666667,3182.68,3097.0896065601837,0.9130434782608695,3040.2677572031344,2989.039166666667,-0.053333333333334565,3142.82,9.792254232046922,6843475379.758355,6.843475379758355,8.898573877854034,3271.32
2021-07-01,3141.4,3124.22545796041,2856.34,3120.4,3037.12,3109.7497189715596,0.9130434782608695,3055.8265637872673,3012.7941666666666,-0.053333333333334565,3164.5716666666667,9.586277225532005,7261506197.408462,7.261506197408462,9.157342741892945,3180.15
2021-08-01,2973.21,3048.717728980205,2795.66,3050.5766666666664,3141.4,3070.7383706939713,0.9130434782608695,3043.1163232046106,3027.59,-0.053333333333334565,3130.9799999999996,10.170178682598841,6718307894.179469,6.718307894179469,8.547838485875062,3182.68
2021-09-01,2913.89,2981.3038644901026,2847.91,3009.5,2973.21,3025.924550495694,0.9130434782608695,3023.235350403901,3033.0883333333336,-0.05375000000000085,3071.4083333333333,9.510781755407338,7164303631.096478,7.1643036310964785,9.214667613001378,3037.12
2021-10-01,2798.78,2890.0419322450516,2847.2,2895.2933333333335,2913.89,2961.026107496924,0.9130434782608695,2988.7037580340702,3029.0533333333333,-0.05333333333333101,3007.846666666667,9.436145153857657,7136159614.45207,7.13615961445207,9.282932046851364,3141.4
2021-11-01,2965.77,2927.9059661225256,2764.02,2892.8133333333335,2798.78,2962.3815053549456,0.9130434782608695,2985.17548756729,3045.8658333333333,-0.05375000000000085,2971.6949999999997,9.892814181074048,6994132282.666767,6.994132282666767,8.832707607482162,2973.21
2021-12-01,3016.7,2972.3029830612627,2900.42,2927.0833333333335,2965.77,2977.9010752535323,0.9130434782608695,2990.025412556938,3055.555833333334,-0.053333333333334565,2968.2916666666665,9.714728065171709,7132485730.631756,7.132485730631756,9.016491860412271,2913.89
2022-01-01,3262.4,3117.3514915306314,3010.89,3081.623333333333,3016.7,3059.186482323952,0.9565217391304348,3031.929195240486,3076.515,0.7766666666666673,2988.4583333333335,9.806963172615784,7159537639.072522,7.159537639072522,8.93598622031974,2798.78
2022-02-01,3313.46,3215.4057457653157,3174.76,3197.52,3262.4,3131.8360588028227,0.9565217391304348,3075.2416267419494,3088.0733333333337,0.7766666666666673,3045.1666666666665,9.82647539186554,7096591214.744515,7.096591214744516,8.908493846778239,2965.77
2022-03-01,3204.33,3209.867872882658,3271.32,3260.0633333333335,3313.46,3152.5486134305875,0.9565217391304348,3095.1013764739573,3082.4908333333333,0.7787499999999987,3093.5733333333337,9.420175933604849,7274193158.378288,7.274193158378289,9.320588444985177,3016.7
2022-04-01,3398.42,3304.143936441329,3180.15,3305.403333333333,3204.33,3222.7975810218486,0.9565217391304348,3141.7657800933484,3100.6800000000003,0.7766666666666673,3193.513333333334,10.122607541087344,6897766447.219245,6.897766447219245,8.617254193867431,3262.4
2022-05-01,3287.41,3295.7769682206645,3182.68,3296.72,3398.42,3241.258272158463,0.9565217391304348,3164.17258315591,3109.4075,0.7787499999999987,3247.1200000000003,9.452773912421499,7246343386.081287,7.246343386081287,9.284134901043819,3313.46
2022-06-01,3299.11,3297.443484110332,3037.12,3328.3133333333335,3287.41,3257.7873372560452,0.9565217391304348,3184.9321857473087,3131.24,0.7766666666666673,3294.188333333333,9.571806633577001,7095409834.963105,7.095409834963105,9.145019195204442,3204.33
2022-07-01,3193.18,3245.311742055166,3141.4,3259.9,3299.11,3239.3280980400323,0.9565217391304348,3186.201080247723,3135.5550000000003,0.7766666666666673,3282.6516666666666,9.789093815250283,7107387877.117275,7.107387877117275,8.944162915192114,3398.42
2022-08-01,3127.52,3186.4158710275833,2973.21,3206.603333333333,3193.18,3207.3829271714517,0.9565217391304348,3177.1732217480735,3148.414166666666,0.7766666666666673,3251.661666666667,9.736879448464357,7196473680.560369,7.196473680560368,9.005940361824235,3287.41
2022-09-01,3151.73,3169.072935513792,2913.89,3157.476666666667,3127.52,3191.482090836751,0.9565217391304348,3173.2588799406776,3168.2341666666666,0.7862500000000008,3242.895,9.9128273853608,7106417355.246425,7.106417355246425,8.832509021420169,3299.11
2022-10-01,2913.5,3041.286467756896,2798.78,3064.25,3151.73,3112.0586363119646,0.9565217391304348,3133.2959753344194,3177.7941666666666,0.7766666666666691,3162.0750000000003,9.548727744144799,7145176112.737899,7.145176112737899,9.175060057197499,3193.18
2022-11-01,3035.65,3038.468233878448,2965.77,3033.6266666666666,2913.5,3090.227597365689,0.9565217391304348,3118.273517590663,3183.6175000000003,0.7862500000000008,3120.115,10.164946584742625,6709969746.732185,6.7099697467321855,8.550844162691142,3127.52
2022-12-01,3146.63,3092.549116939224,3016.7,3031.9266666666667,3035.65,3106.342569546921,0.9565217391304348,3122.6360533459456,3194.4449999999997,0.7766666666666673,3094.7016666666664,10.202479372443,6694814784.686428,6.694814784686428,8.516905424389186,3151.73
2023-01-01,3334.65,3213.599558469612,3262.4,3172.31,3146.63,3171.5732639620865,1.0,3155.2535836004154,3200.4658333333336,0.576666666666668,3118.28,10.127290119003618,6677795276.521265,6.677795276521265,8.577192158842355,2913.5
2023-02-01,3423.36,3318.4797792348063,3313.46,3301.546666666667,3334.65,3243.51233140149,1.0,3196.5007245849665,3209.624166666667,0.576666666666668,3167.5866666666666,9.451167682596635,7141470219.046304,7.141470219046304,9.269051115132592,3035.65
2023-03-01,3466.23,3392.3548896174034,3204.33,3408.08,3423.36,3307.1459510010645,1.0,3237.9975361872794,3231.4491666666668,0.5787499999999994,3220.0033333333336,9.584202521034841,6961158008.007729,6.961158008007729,9.111302285522553,3146.63
2023-04-01,3438.13,3415.2424448087017,3398.42,3442.5733333333337,3466.23,3344.5699650007605,1.0,3268.7871460046213,3234.7583333333337,0.576666666666668,3307.441666666667,9.32306190772674,7148754440.048404,7.148754440048403,9.397434357343837,3334.65
2023-05-01,3418.3,3416.7712224043507,3287.41,3440.8866666666668,3438.13,3365.6356892862577,1.0,3291.789123542372,3245.665833333333,0.5787499999999994,3371.2166666666667,9.324586220527234,7121284097.518389,7.121284097518389,9.391412628863405,3423.36
2023-06-01,3553.74,3485.2556112021753,3299.11,3470.056666666667,3418.3,3419.379778061613,1.0,3332.089258382007,3266.885,0.576666666666668,3439.068333333333,9.834074799054715,6965473411.503873,6.965473411503873,8.88078737795607,3466.23
2023-07-01,3299.37,3392.3128056010873,3193.18,3423.8033333333333,3553.74,3385.091270044009,1.0,3327.055526323237,3275.7341666666666,0.576666666666668,3433.1883333333335,9.66359242679315,6941110222.102331,6.941110222102331,9.033239983523893,3438.13
2023-08-01,3257.67,3324.9914028005437,3127.52,3370.2599999999998,3299.37,3348.685192888578,1.0,3316.380829965816,3286.5800000000004,0.576666666666668,3405.5733333333337,9.461878875035774,7289305393.950348,7.289305393950348,9.281907926151725,3418.3
2023-09-01,3155.47,3240.2307014002718,3151.73,3237.5033333333336,3257.67,3293.48085206327,1.0,3291.6253176633822,3286.8916666666664,0.5762499999999999,3353.78,9.375178232585489,7119289348.4801855,7.119289348480185,9.340474222709771,3553.74
2023-10-01,3155.58,3197.905350700136,2913.5,3189.5733333333333,3155.47,3254.0806086166212,1.0,3270.695268792093,3307.065,0.5766666666666698,3306.6883333333335,9.359914290528993,7341267128.94994,7.34126712894994,9.390986543154156,3299.37
2023-11-01,3300.54,3249.222675350068,3035.65,3203.8633333333332,3155.58,3267.3547204404435,1.0,3275.2867659010017,3329.1391666666664,0.5762499999999999,3287.0616666666665,9.519332256495604,7202922017.187004,7.202922017187004,9.212506945382936,3257.67
2023-12-01,3196.96,3223.091337675034,3146.63,3217.693333333333,3300.54,3247.2419431717453,1.0,3263.2364942239246,3333.3333333333335,0.576666666666668,3227.5983333333334,10.02841383664319,6754321260.7107725,6.754321260710772,8.674561974745243,3155.47
