date,electricity_consumption_GWh,consumption_ema_3,consumption_lag_12,consumption_ma_3,consumption_lag_1,consumption_ema_6,year_normalized,consumption_ema_12,consumption_ma_12,temp_anomaly,consumption_ma_6,fossil_renewables_ratio,renewables_kWh,renewables_normalized,sustainability_score,consumption_lag_3,consumption_scaled
2000-01-01,1261.78,0.02599794842242964,0.03256420473068422,0.028622999278596684,0.030424556238049405,0.019718008244992813,0.0,0.01181448449037692,0.005654002261600954,0.18947072072071997,0.021310021291292114,0.9769202371738395,3.4502681879333e-05,3.450268187933474e-05,0.00013251354008709734,0.030424556238049405,0.030424556238049405
2000-02-01,1309.42,0.03643239112631591,0.03256420473068422,0.03910094368947992,0.030424556238049405,0.025902212769994493,0.0,0.015312821589850367,0.017087606835042735,0.18947072072071997,0.03201709896030769,0.9929408767654453,0.0,0.0,0.0,0.030424556238049405,0.05057786351253035
2000-03-01,1287.12,0.03676531205221656,0.03256420473068422,0.03932381628260251,0.05057786351253035,0.027424712444645394,0.0,0.016635402240355313,0.017330806932322695,0.1908783783783788,0.032244845364686414,1.0,0.00014835625632215153,0.0001483562563221498,6.835972177309836e-05,0.030424556238049405,0.04114422051880806
2000-04-01,1286.54,0.03680473689870478,0.03256420473068422,0.042954293523205234,0.04114422051880806,0.028436921728951403,0.0,0.01771191793879978,0.017382806953122776,0.18947072072071997,0.03229354114193839,0.979589590671498,0.00037849000495247115,0.00037849000495247115,0.00038310501431335076,0.030424556238049405,0.040898861194307745
2000-05-01,1292.41,0.03811013737131519,0.03256420473068422,0.04046017325411588,0.040898861194307745,0.029921919976084732,0.0,0.019053866189580715,0.017977527191010978,0.1908783783783788,0.03285047100054095,0.9914274801056324,0.0002498606405811569,0.0002498606405811569,0.00020295143149901083,0.05057786351253035,0.043382066771578964
2000-06-01,1276.51,0.03528030950115968,0.03256420473068422,0.0389044639034376,0.043382066771578964,0.02891863527785532,0.0,0.019021779841453812,0.017102006840802653,0.18947072072071997,0.032030583944777424,0.9865609207931487,0.00016477882888191013,0.00016477882888191013,0.0001696232523253332,0.04114422051880806,0.036655837013723214
2000-07-01,1230.25,0.0237332100186054,0.03256420473068422,0.030650846622600536,0.036655837013723214,0.022196938251334286,0.0,0.01559762997586922,0.013304519607522214,0.18947072072071997,0.02966846416515212,0.9885503491043821,0.0005400582105200558,0.0005400582105200558,0.0004462719086410884,0.040898861194307745,0.017086315718226053
2000-08-01,1227.13,0.017276296271532154,0.03256420473068422,0.02107905525480802,0.017086315718226053,0.016990715213840768,0.0,0.01247116215904498,0.010269204107681618,0.18947072072071997,0.023503578765045163,0.9675090126714001,0.0008695317767816804,0.0008695317767816804,0.0008528473112100667,0.043382066771578964,0.015766451765741207
2000-09-01,1189.86,0.005884705905681353,0.03256420473068422,0.008373851179758529,0.015766451765741207,0.00843392186473857,0.0,0.007088850102604849,0.005920669034934378,0.1891891891891887,0.016217192156533722,0.9778694569938211,0.000610618475470932,0.000610618475470932,0.0005757413436213287,0.036655837013723214,0.0
2000-10-01,1206.68,0.003872943600156775,0.03256420473068422,0.004917859719297923,0.0,0.0045053506311338865,0.0,0.0037697252238896306,0.0032492012996805375,0.1894707207207212,0.010234354046768979,0.9758800197074124,1.2700990663959758e-05,1.2700990663959758e-05,0.0001223790994214595,0.017086315718226053,0.007115420410511608
2000-11-01,1193.59,0.0,0.03256420473068422,0.0,0.007115420410511608,0.0,0.0,0.0,0.0004922547423564794,0.1891891891891887,0.0028310975728526033,0.9788104913220286,0.00026786357674927173,0.00026786357674927173,0.00030224196069219243,0.015766451765741207,0.0015779142765284249
2000-12-01,1238.72,0.007948213322221953,0.03256420473068422,0.007164180855244395,0.0015779142765284249,0.0026402708742868652,0.0,0.00012425335297250317,0.0,0.18947072072071997,0.0,0.9844382990209353,0.0008731685321221941,0.0008731685321221958,0.000731871287064664,0.0,0.020669407922567995
2001-01-01,1316.97,0.02906117685946863,0.03256420473068422,0.02333564026017454,0.020669407922567995,0.01468390332848113,0.043478260869565216,0.005975504953972144,0.002207600883040284,0.5475788288288287,0.006496765851224717,0.853630418622982,0.01834829383588533,0.01834829383588533,0.015447765880758186,0.007115420410511608,0.05377176506421655
2001-02-01,1358.5,0.048713846820627626,0.054134820878762646,0.04751585034691885,0.05377176506421655,0.028677556165389806,0.043478260869565216,0.013976226883867349,0.004170801668320623,0.5475788288288287,0.01633855701676179,0.8500049806194823,0.0205734360209432,0.0205734360209432,0.01707101081591985,0.0015779142765284249,0.07134033876508117
2001-03-01,1407.33,0.06923526654576562,0.044037744050421934,0.07223857924586963,0.07134033876508117,0.04501170230441587,0.043478260869565216,0.024331790611047288,0.008979203591681473,0.5489864864864851,0.03263066575368323,0.8580757061045092,0.01862006985605223,0.01862006985605223,0.015533086851386357,0.020669407922567995,0.09199705568810601
2001-04-01,1368.63,0.07101963441336412,0.04377512949614226,0.07981331487791876,0.09199705568810601,0.05165525695384943,0.043478260869565216,0.03025234254033471,0.012262804905121993,0.5475788288288287,0.04476340594747752,0.8411744685269231,0.02041299857500569,0.02041299857500569,0.017184080072594275,0.05377176506421655,0.07562566627747613
2001-05-01,1394.11,0.07749262439449789,0.04643296989893875,0.0850346918786401,0.07562566627747613,0.0597082419501741,0.043478260869565216,0.037133107272384835,0.01633080653232266,0.5489864864864851,0.05978567864682682,0.8400956869669376,0.020227300526683933,0.020227300526683933,0.017083185411081024,0.07134033876508117,0.08640455522276935
2001-06-01,1353.85,0.0719110953871962,0.039233708841960424,0.07719309564166787,0.08640455522276935,0.0602341760598315,0.043478260869565216,0.03999888954820541,0.019424407769763063,0.5475788288288287,0.06841082454686698,0.8697811079483859,0.01923788027394863,0.01923788027394863,0.015684735012216344,0.09199705568810601,0.06937323383589689
2001-07-01,1322.83,0.06232611567207269,0.01828793421958197,0.07047759250678887,0.06937323383589689,0.05658310053614668,0.043478260869565216,0.04014589775896438,0.023127609251043624,0.5475788288288287,0.06884983570793923,0.8731233769709148,0.01915958893984132,0.01915958893984132,0.015554475068267981,0.07562566627747613,0.05625074030830668
2001-08-01,1314.48,0.055704750991306784,0.016875249031042983,0.05880170790787154,0.05625074030830668,0.05289126611060979,0.043478260869565216,0.03965712570351376,0.02662161064864421,0.5475788288288287,0.06555200783927106,0.8492233129694573,0.02029190643733816,0.02029190643733816,0.01689811944382133,0.08640455522276935,0.052718412102137235
2001-09-01,1314.81,0.052466347536152314,0.0,0.053077401305564265,0.052718412102137235,0.05029707920971571,0.043478260869565216,0.03926778216256288,0.031619612647845075,0.5472972972972963,0.05862072582179734,0.8774856534897619,0.018559493446282094,0.018559493446282094,0.015048346494306643,0.06937323383589689,0.05285801309711158
2001-10-01,1288.15,0.045007887989817474,0.007615822074111711,0.0479923871414244,0.05285801309711158,0.04498332255789628,0.043478260869565216,0.03698062001515057,0.034878413951365594,0.5475788288288299,0.052591439432192244,0.8625199942847244,0.02040937026504006,0.02040937026504006,0.016650389709051805,0.05625074030830668,0.04157994483645544
2001-11-01,1263.04,0.035778892131541284,0.0016888832542470977,0.04044990938469584,0.04157994483645544,0.03792822341005253,0.043478260869565216,0.03320143214601834,0.03765641506256601,0.5472972972972963,0.0427721232407714,0.8676299144534803,0.018292039333893718,0.018292039333893718,0.015087113289535251,0.052718412102137235,0.030957578218860582
2001-12-01,1297.31,0.03867044691991328,0.022123012279494425,0.03788394202966561,0.030957578218860582,0.0373374959495939,0.043478260869565216,0.03252019877755985,0.040000016000006466,0.5475788288288287,0.03853633978564863,0.8473576610754439,0.01911261010219141,0.01911261010219141,0.01612958302466022,0.05285801309711158,0.04545493003028922
2002-01-01,1390.0,0.060417829986291194,0.057553337921541714,0.05281787203594135,0.04545493003028922,0.04894774586225881,0.08695652173913043,0.03875025387080022,0.04292121716848696,0.32460585585585455,0.0435684864902931,0.8664227766439163,0.017369948942391147,0.017369948942391147,0.01447513080830033,0.04157994483645544,0.08466588828536137
2002-02-01,1495.7,0.0944426674850718,0.07635744557539759,0.08693204145430244,0.08466588828536137,0.07096182304003706,0.08695652173913043,0.051783682598191993,0.048409219363687694,0.32460585585585455,0.057144869188158975,0.8830027662555087,0.018287189481134388,0.01828718948113439,0.014741290066083284,0.030957578218860582,0.12938051000896833
2002-03-01,1491.47,0.11052860234198858,0.09846687434346357,0.1154010826915971,0.12938051000896833,0.08613706259791598,0.08695652173913043,0.06250134783296946,0.05177482070992834,0.3260135135135134,0.07037963227945676,0.8748668048935744,0.018978899361393065,0.018978899361393065,0.01539212704750379,0.04545493003028922,0.12759107907338785
2002-04-01,1469.44,0.11374640661413682,0.08094414460100707,0.12704910821637416,0.12759107907338785,0.09411677917128258,0.08695652173913043,0.06995241759934956,0.055807222322888816,0.32460585585585455,0.08396125913794983,0.8842768117906776,0.01744535626444876,0.01744535626444876,0.014140344108824946,0.08466588828536137,0.11827165507555382
2002-05-01,1495.92,0.12115514172248021,0.09248107364074332,0.12708136609169451,0.11827165507555382,0.10325397671995185,0.08695652173913043,0.07820166865453371,0.05987962395184954,0.3260135135135134,0.10140783237864637,0.8579947578521585,0.018779933746075523,0.01877993374607552,0.0156455985505669,0.12938051000896833,0.12947357733895126
2002-06-01,1419.45,0.10811052032689983,0.0742520013040171,0.11652131072545036,0.12947357733895126,0.09985388560775577,0.08695652173913043,0.07956640034251572,0.0625036250014499,0.32460585585585455,0.11055814350720472,0.8573720008471666,0.017710684370053853,0.017710684370053853,0.014915705953822972,0.12759107907338785,0.09712421950352812
2002-07-01,1398.14,0.09692074585875254,0.06020665048719531,0.10606682658752753,0.09712421950352812,0.09465897289359149,0.08695652173913043,0.07915632100889647,0.0655160262064105,0.32460585585585455,0.11116796447156096,0.852644973545257,0.01911329016187517,0.01911329016187517,0.016002873595599487,0.11827165507555382,0.08810937949472908
2002-08-01,1425.17,0.09724615640566214,0.05642590647299606,0.09569298713790542,0.08810937949472908,0.09445711709912574,0.08695652173913043,0.08079421854069613,0.06994362797745135,0.32460585585585455,0.10588409805681376,0.8744071098121355,0.017567136718838142,0.017567136718838146,0.014436830716982001,0.12947357733895126,0.0995439700830838
2002-09-01,1367.84,0.08485204807261393,0.056575325098706886,0.08812558284115646,0.0995439700830838,0.08687085954793794,0.08695652173913043,0.07797023120894142,0.07206482882593157,0.32432432432432334,0.09662216122347767,0.8862491579842728,0.017923778224691343,0.017923778224691343,0.01442413926142822,0.09712421950352812,0.07529146995617375
2002-10-01,1351.83,0.07514837283788633,0.044504111276125746,0.08133530008621659,0.07529146995617375,0.07937382719274455,0.08695652173913043,0.07440504484026911,0.07461202984481197,0.324605855855857,0.08781122220407578,0.863084266393497,0.018223559805045,0.018223559805045,0.015143061065116951,0.08810937949472908,0.06851870653332659
2002-11-01,1334.12,0.06641756837992996,0.03313471221067121,0.0679849385047595,0.06851870653332659,0.07171984811762311,0.08695652173913043,0.07008785434900311,0.0774552309820924,0.32432432432432334,0.0756897194973396,0.85104442538751,0.019020822531353815,0.019020822531353815,0.015977066567760795,0.0995439700830838,0.06102678646970239
2002-12-01,1360.91,0.06791989746995086,0.048651610098887965,0.0669688154321676,0.06102678646970239,0.06973036166829971,0.08695652173913043,0.06840211088292836,0.07999923199969272,0.32460585585585455,0.07130410288144151,0.8527599599017321,0.019227369271276377,0.019227369271276377,0.016079040688247802,0.07529146995617375,0.07235984906171222
2003-01-01,1498.56,0.0988201182322146,0.09062013257507151,0.08848335200380064,0.07235984906171222,0.08617780858516566,0.13043478260869565,0.07708373317300643,0.08434163373665338,0.446227477477476,0.07882722588397828,0.8263878128518338,0.018442441407819768,0.018442441407819768,0.016169183373971698,0.06851870653332659,0.13059038529874611
2003-02-01,1496.67,0.11385626772522017,0.13847937117397768,0.11231752306438103,0.13059038529874611,0.09768064182773395,0.13043478260869565,0.08429093333182325,0.08438043375217352,0.446227477477476,0.08418376138170147,0.8224498083672409,0.017602901847017034,0.017602901847017037,0.015659201336849317,0.06102678646970239,0.1297908523275294
2003-03-01,1507.32,0.12370697922227669,0.1365640960625929,0.13378513909009349,0.1297908523275294,0.1072794403335472,0.13043478260869565,0.09117139245255013,0.08501443400577346,0.44763513513513475,0.09463312601418317,0.8154355273167955,0.018560647238351363,0.018560647238351363,0.016529336358900602,0.07235984906171222,0.13429615716533838
2003-04-01,1545.29,0.13694878731057336,0.12658927083710658,0.14063700506155385,0.13429615716533838,0.11906465541326683,0.13043478260869565,0.09978156162728491,0.08804843521937411,0.446227477477476,0.10912648765599497,0.830745986390943,0.018473695882784472,0.018473695882784472,0.016084064698466433,0.13059038529874611,0.1503587322537523
2003-05-01,1539.35,0.14226867142060995,0.1385789835911182,0.14689503287370742,0.1503587322537523,0.12671158778654157,0.13043478260869565,0.10663089874461784,0.08978563591425437,0.44763513513513475,0.12450161744897059,0.8318613544606914,0.019256346816296906,0.019256346816296906,0.016612096255748623,0.1297908523275294,0.1478459143442138
2003-06-01,1558.93,0.14921716066584856,0.10395461296048103,0.1544624371704565,0.1478459143442138,0.13471538520620918,0.13043478260869565,0.1138643053006263,0.09536483814593522,0.446227477477476,0.1393365986973505,0.8210964570600494,0.01922403659851035,0.01922403659851035,0.0168621862847928,0.13429615716533838,0.15612890671269275
2003-07-01,1496.25,0.13896279763356456,0.09430579200927303,0.14727186350813193,0.15612890671269275,0.13229581871938878,0.13043478260869565,0.11538211413850596,0.09928923971569592,0.446227477477476,0.13916354139665477,0.8201283851872676,0.01893554224417197,0.01893554224417197,0.016680287622791702,0.1503587322537523,0.1296131783339256
2003-08-01,1497.31,0.13406778465785318,0.10654453580613621,0.14110767678781944,0.1296131783339256,0.13070515679188166,0.13043478260869565,0.11674425265919519,0.10217484086993633,0.446227477477476,0.139211488008103,0.839905556870455,0.016991728978747112,0.016991728978747112,0.014803975756501933,0.1478459143442138,0.13006159365111603
2003-09-01,1442.31,0.1195737972985923,0.08058644546672944,0.12400807033389838,0.13006159365111603,0.12242935490493845,0.13043478260869565,0.11385802913058063,0.10515364206145672,0.4459459459459459,0.13434116111709615,0.8477674675488438,0.017651891085603586,0.017651891085603586,0.015094190168727295,0.15612890671269275,0.10679476115538866
2003-10-01,1460.28,0.11626271746003725,0.0733373782011808,0.11873390771901637,0.10679476115538866,0.11885077471341288,0.13043478260869565,0.11273542684399673,0.10949164379665755,0.4462274774774784,0.12797250261833448,0.8337224892872717,0.0191230845188832,0.0191230845188832,0.01647148222685063,0.1296131783339256,0.11439666988171993
2003-11-01,1475.83,0.1180130462234934,0.06531857862136414,0.11558436607409939,0.11439666988171993,0.11831320982473903,0.13043478260869565,0.11292741215433244,0.11516004606401853,0.4459459459459459,0.12321380143210525,0.8423900153101136,0.017175678804511593,0.017175678804511593,0.014878941996295357,0.13006159365111603,0.12097483797823916
2003-12-01,1481.89,0.12021551377032558,0.07744865432680126,0.1213878510976476,0.12097483797823916,0.11871589064358412,0.13043478260869565,0.11353486384122258,0.11999924799969919,0.446227477477476,0.11744222807903393,0.8422094331746017,0.01701419396898144,0.01701419396898144,0.014767270692033546,0.10679476115538866,0.12353841988595027
2004-01-01,1565.57,0.1396449206222724,0.13977433259680516,0.13682617697256916,0.12353841988595027,0.1298661191838678,0.17391304347826086,0.12019371550480396,0.12267964907185958,0.22325450450450424,0.12263544543151184,0.8187262793398467,0.018408132983011336,0.018408132983011336,0.016335653432332523,0.11439666988171993,0.15893784794490418
2004-02-01,1641.58,0.16600786061252792,0.13891857137682473,0.16112955349235492,0.15893784794490418,0.14769751578910117,0.17391304347826086,0.13140975319757342,0.1284760513904204,0.22325450450450424,0.13344366048405087,0.80939100198401,0.018241737956129593,0.018241737956129597,0.01645102038849052,0.12097483797823916,0.1910926104539994
2004-03-01,1641.32,0.17913238360717265,0.14374071793385734,0.18450624923020975,0.1910926104539994,0.1604004767436743,0.17391304347826086,0.1408811541100624,0.1338360535344214,0.2179054054054052,0.14835280914701476,0.8283493350007742,0.016762695467505834,0.016762695467505834,0.014905757102725911,0.12353841988595027,0.19098262179129233
2004-04-01,1638.84,0.18515145833065705,0.16093291556489298,0.1952495879789562,0.19098262179129233,0.16915208856095054,0.17391304347826086,0.14871330315432663,0.137578055031222,0.22325450450450424,0.16172991374104917,0.8026866374549508,0.01910203528033775,0.019102035280337746,0.017254715976572903,0.15893784794490418,0.189933499162394
2004-05-01,1661.34,0.19308910150342873,0.15824338030209728,0.19814693168955033,0.189933499162394,0.17832399136640498,0.17391304347826086,0.1569927434868723,0.14245765698306267,0.2179054054054052,0.17562768856877864,0.8250201842419043,0.018627963135005955,0.018627963135005955,0.01633624008785916,0.1910926104539994,0.19945174881973704
2004-06-01,1640.41,0.19247368955093258,0.16710888542760893,0.19801350138708873,0.19945174881973704,0.1821584025553855,0.17391304347826086,0.16246147591997873,0.1457168582867433,0.22325450450450424,0.18750346489184289,0.8242252848217637,0.017032902348912592,0.017032902348912592,0.015200577482264598,0.19098262179129233,0.19059766147181756
2004-07-01,1546.69,0.17163878016980982,0.13872840221682903,0.18450185042902978,0.19059766147181756,0.172731364078215,0.17391304347826086,0.16020674582201755,0.14773445909378358,0.22325450450450424,0.1860890398541225,0.8080481629137799,0.01823066930099735,0.01823066930099735,0.01647722509422743,0.189933499162394,0.15095097889909814
2004-08-01,1550.03,0.1619528754085302,0.13920835295396095,0.1681808317839778,0.15095097889909814,0.1664313345008267,0.17391304347826086,0.15854416272494898,0.14984325993730396,0.22325450450450424,0.17923042691962487,0.8247169778318548,0.018947346207430864,0.018947346207430864,0.016572392566433586,0.19945174881973704,0.15236391018156592
2004-09-01,1537.6,0.1543874183509527,0.11430524866881586,0.15310614013994062,0.15236391018156592,0.1603177604302548,0.17391304347826086,0.15622459232823693,0.15365486146194451,0.22297297297297297,0.17146007920180883,0.8029266778975401,0.0176526070612114,0.0176526070612114,0.016181126002524353,0.19059766147181756,0.14710560603753153
2004-10-01,1514.7,0.1455889732411607,0.12244177201434414,0.14841555181494537,0.14710560603753153,0.15297824582977504,0.17391304347826086,0.1525802685130746,0.15583166233266488,0.22325450450450543,0.16215993491247493,0.8349526357662316,0.017296824646834907,0.017296824646834904,0.015138798413852633,0.15095097889909814,0.13741814305294697
2004-11-01,1534.77,0.14558562106970296,0.12948255877132608,0.14617802828135906,0.13741814305294697,0.1503410457454617,0.17391304347826086,0.15097040556746644,0.15818926327570526,0.22297297297297297,0.15267774333279904,0.8333219857372953,0.016964397728585573,0.016964397728585576,0.014936557732141724,0.15236391018156592,0.1459084217472969
2004-12-01,1527.16,0.14391715008522143,0.13222642807983487,0.14464724547070107,0.1459084217472969,0.1474694683341321,0.17391304347826086,0.14904939047467536,0.16000006400002553,0.22325450450450424,0.1441934406038876,0.8298386855684685,0.018030049410871992,0.018030049410871992,0.015788518705570735,0.14710560603753153,0.1426891381965244
2005-01-01,1698.85,0.1806876473350093,0.1701153692903974,0.17164855338091856,0.1426891381965244,0.16770562278088708,0.21739130434782608,0.16003158821846808,0.16533126613250648,0.17595720720720676,0.15559274747568574,0.8544749593664798,0.019347699159732668,0.019347699159732668,0.016120932465325213,0.13741814305294697,0.21531972858182313
2005-02-01,1726.6,0.20515089312683954,0.20453145941246786,0.19977595439322937,0.21531972858182313,0.18576227900674347,0.21739130434782608,0.17136197640921302,0.16873206749282688,0.17595720720720676,0.16882076807474877,0.8364958307156696,0.019657373234556658,0.019657373234556658,0.01677756669839485,0.1459084217472969,0.22705890315921284
2005-03-01,1747.87,0.22204121871611449,0.20441373564675624,0.23213793467486987,0.22705890315921284,0.20142097435496975,0.21739130434782608,0.18251114294485438,0.1729940691976275,0.17736486486486552,0.18457347743287855,0.8571631043825252,0.018835900607834483,0.018835900607834483,0.015703808349271153,0.1426891381965244,0.23605682183528776
2005-04-01,1780.69,0.2376748451871069,0.20329083203535336,0.24413786429405115,0.23605682183528776,0.21686615961202083,0.21739130434782608,0.19435511655817028,0.17866807146722852,0.17595720720720676,0.2045005386502129,0.8519220194518102,0.019361346699763107,0.019361346699763107,0.016191791887112714,0.21531972858182313,0.24994077533546555
2005-05-01,1713.91,0.23086504037546784,0.21347846560654904,0.24227717139488925,0.24994077533546555,0.21922964432166558,0.21739130434782608,0.19947310009299113,0.18077087230834898,0.17736486486486552,0.2179210948608722,0.8600970693524201,0.01846168701753816,0.01846168701753816,0.015376494242389663,0.22705890315921284,0.2216906103524714
2005-06-01,1712.12,0.2270680797740151,0.20400170246676574,0.2370352666553276,0.2216906103524714,0.2206854856768865,0.21739130434782608,0.20367225688961121,0.1836392734557094,0.17595720720720676,0.2317776655693884,0.8488409254509592,0.01870980868992535,0.018709808689925347,0.015813105629716023,0.23605682183528776,0.220933380713065
2005-07-01,1619.24,0.20482637868535936,0.1615668127648785,0.21336238497134907,0.220933380713065,0.20966851013664012,0.21739130434782608,0.20040495400953695,0.18654127461650982,0.17595720720720676,0.2258135566047207,0.8466869792629856,0.01751048516218697,0.01751048516218697,0.015018824214879585,0.24994077533546555,0.18164204612755308
2005-08-01,1642.84,0.19887456356948896,0.16307911037055822,0.2029416249758066,0.18164204612755308,0.20486278569692418,0.21739130434782608,0.19937332645164185,0.19025367610147037,0.17595720720720676,0.21953854383144367,0.862048962641581,0.017776648317647296,0.017776648317647296,0.014856073376994435,0.2216906103524714,0.19162563243481057
2005-09-01,1575.38,0.18112309965546292,0.15745100880211538,0.18289188919713084,0.19162563243481057,0.1926730633077658,0.21739130434782608,0.19354663625120316,0.19176487670595055,0.1756756756756755,0.20661618288036265,0.8523125414734725,0.01914337686478073,0.019143376864780733,0.01603166271743394,0.220933380713065,0.16308780479550578
2005-10-01,1584.62,0.1742711764848459,0.14708226174520955,0.17781567263535114,0.16308780479550578,0.18516557402978684,0.21739130434782608,0.18929487871027273,0.19456167782467126,0.17595720720720798,0.1919272889637389,0.831119649741288,0.018916644417968153,0.01891664441796815,0.016390113617737415,0.18164204612755308,0.16699663265478792
2005-11-01,1593.99,0.1728974971861751,0.15616963089071612,0.17065295804716685,0.16699663265478792,0.18101941242723263,0.21739130434782608,0.1863853027565454,0.1969304787721915,0.1756756756756755,0.1829432926436413,0.8526600984108856,0.018849566928022074,0.018849566928022074,0.015819637323893986,0.19162563243481057,0.17096045484542366
2005-12-01,1603.89,0.17437902409369266,0.15272394682508061,0.1748332854352761,0.17096045484542366,0.17934299908866425,0.21739130434782608,0.1846503382824627,0.199999679999872,0.17595720720720676,0.17483507114827634,0.8560836218891237,0.0186364139104251,0.0186364139104251,0.015590956186631215,0.16308780479550578,0.1751484846946546
2006-01-01,1731.7,0.20311361882334789,0.23046238272901798,0.1963991413540097,0.1751484846946546,0.1947367276634998,0.2608695652173913,0.19256773358358303,0.20131368052547205,0.466497747747747,0.18326018977868141,0.8442379749186661,0.015630970307813043,0.015630970307813043,0.01372144307910121,0.16699663265478792,0.22921637308154397
2006-02-01,1780.96,0.22827018251045594,0.24302713080015936,0.22381393657515203,0.22921637308154397,0.2121267467076311,0.2608695652173913,0.20288436625386652,0.20348808139523256,0.466497747747747,0.19360766786183592,0.8411952011643278,0.016903397702619182,0.016903397702619186,0.01471082992981154,0.17096045484542366,0.2500549943313536
2006-03-01,1857.45,0.2576018338422609,0.2526578404027964,0.2609926041489494,0.2500549943313536,0.23447744589538932,0.2608695652173913,0.21723069714280752,0.20787128314851322,0.46790540540540576,0.21473938769180512,0.8556649703396682,0.01663605242714735,0.01663605242714735,0.014195098732950604,0.1751484846946546,0.2824128128331388
2006-04-01,1859.77,0.2727758019740115,0.26751820190531395,0.2797710863865901,0.2824128128331388,0.25074339296270987,0.2608695652173913,0.2295402642259966,0.2110344844137937,0.466497747747747,0.23535268478549132,0.8415945867516748,0.016134969118957492,0.016134969118957492,0.014146276698580674,0.22921637308154397,0.2833942501311404
2006-05-01,1767.26,0.2601006052141833,0.237281305466005,0.27776230051436657,0.2833942501311404,0.25035309449557686,0.2608695652173913,0.23316278632819665,0.21316848526739396,0.46790540540540576,0.24833348066927474,0.8332521229521375,0.015352028622217372,0.015352028622217372,0.013757270461600886,0.2500549943313536,0.24425943787332693
2006-06-01,1776.92,0.2558788069291378,0.236470822617452,0.2659544518800476,0.24425943787332693,0.25132828585670663,0.2608695652173913,0.23693735788310988,0.21576048630419453,0.466497747747747,0.2612962965737651,0.8537111356750766,0.016433528516646242,0.016433528516646242,0.014093620859044366,0.2824128128331388,0.24834593972621288
2006-07-01,1751.72,0.24824842927826207,0.19441627123555616,0.2501114362965613,0.24834593972621288,0.24875360942636837,0.2608695652173913,0.23828072035138026,0.22105968842387536,0.466497747747747,0.26279612651312767,0.8466305467775981,0.01567331589162797,0.015673315891627966,0.013700285630640291,0.2833942501311404,0.23768550010998868
2006-08-01,1671.93,0.22695708211228904,0.20510196689245475,0.23613351241341696,0.23768550010998868,0.23655692093213887,0.2608695652173913,0.23355821105844854,0.22222328888931564,0.466497747747747,0.2546279717534524,0.836781455768127,0.01683998923965672,0.016839989239656718,0.014766334073697736,0.24425943787332693,0.20393167165845993
2006-09-01,1714.62,0.2256616679547624,0.1745571775274387,0.22699866862950946,0.20393167165845993,0.2333866397724912,0.2608695652173913,0.2326970865512904,0.2277928911171565,0.46621621621621573,0.24392763657667194,0.8379741117113695,0.016506683519563404,0.016506683519563404,0.014497536651718443,0.24834593972621288,0.2219909640083253
2006-10-01,1695.84,0.22090063522572645,0.17874089904734303,0.21880516829813312,0.2219909640083253,0.22868429930504253,0.2608695652173913,0.23058937534190493,0.23224169289667707,0.4664977477477482,0.23164656155371,0.8535279771763933,0.015414079131864347,0.015414079131864347,0.013364476087802392,0.23768550010998868,0.2140463982943297
2006-11-01,1674.98,0.213951217207072,0.1829834824501032,0.2192523797514384,0.2140463982943297,0.22261762351013137,0.2608695652173913,0.2272741198410304,0.23548129419251773,0.46621621621621573,0.22473325951552947,0.8205388161111344,0.0176107211348498,0.017610721134849797,0.015711484980505633,0.20393167165845993,0.2052219232786775
2006-12-01,1716.85,0.21964716554475816,0.1874660412214294,0.21957935730582234,0.2052219232786775,0.2237194776839494,0.2608695652173913,0.22754353367222613,0.23999969599987836,0.466497747747747,0.22023302053163785,0.839071361403273,0.016393314476256037,0.016393314476256037,0.014390411955479942,0.2219909640083253,0.22293432830769755
2007-01-01,1774.81,0.23518994028281304,0.24533632774296377,0.2311584682787784,0.22293432830769755,0.23203037226259615,0.30434782608695654,0.23202766249385498,0.24172409668963868,0.2637950450450439,0.221962844372791,0.7912912508769236,0.028830796501451986,0.028830796501451986,0.024353528248856796,0.2140463982943297,0.24745333942501313
2007-02-01,1840.4,0.2573273036583037,0.26764045350816823,0.2554134579855837,0.24745333942501313,0.24648104070507437,0.30434782608695654,0.24063838064003862,0.24410169764067913,0.2637950450450439,0.23458404067071315,0.7888927252032922,0.0287149431657877,0.028714943165787692,0.02436040634176667,0.2052219232786775,0.2752000947594634
2007-03-01,1899.1,0.28125286583971243,0.30227387981309095,0.28213617515439793,0.2752000947594634,0.2644228628902773,0.30434782608695654,0.25223487643855047,0.24576769830707923,0.2652027027027027,0.24840465142064305,0.7959234756272207,0.03162516051176299,0.03162516051176299,0.025997872659877394,0.22293432830769755,0.3000321505321759
2007-04-01,1935.27,0.30113785080530275,0.30332433803020975,0.3056638963994347,0.3000321505321759,0.2819337204775404,0.30434782608695654,0.26470335920318844,0.24878769951507984,0.2637950450450439,0.2663419282628793,0.778421382347718,0.03089875855833517,0.03089875855833517,0.026173948680318748,0.24745333942501313,0.31533326564800246
2007-05-01,1884.72,0.3000085322326519,0.26143731662259573,0.3121623920094311,0.31533326564800246,0.2878795208437219,0.30434782608695654,0.27154158739388445,0.2534861013944405,0.2652027027027027,0.28205493183340347,0.8035124225455659,0.029540483477123517,0.029540483477123517,0.02439459198442137,0.2752000947594634,0.2939489314178385
2007-06-01,1876.69,0.2976850867391012,0.26581120730249574,0.3088764875279324,0.2939489314178385,0.29108413734508365,0.30434782608695654,0.27673811534589365,0.2574769029907612,0.2637950450450439,0.29402959804257955,0.7896667037810048,0.03231440958892666,0.03231440958892666,0.026666311075952506,0.3000321505321759,0.2905519738734623
2007-07-01,1867.1,0.2944228957822027,0.25440105770275656,0.2988809449797949,0.2905519738734623,0.2921282599337276,0.30434782608695654,0.2804309572075798,0.26209210483684175,0.2637950450450439,0.3009436492465639,0.791627787828425,0.029770585870998987,0.029770585870998987,0.02495798432342,0.31533326564800246,0.28649508435284365
2007-08-01,1829.26,0.2845038214642266,0.21827344514072522,0.29074902786493917,0.28649508435284365,0.28796200680320283,0.30434782608695654,0.28077697358558307,0.2683853073541228,0.2637950450450439,0.3001090785410445,0.7975976627486481,0.03137615294932905,0.03137615294932905,0.025778919576811943,0.2939489314178385,0.2704875035957832
2007-09-01,1773.66,0.2673663872788724,0.23760278190314044,0.27564207834558163,0.2704875035957832,0.2777686102072402,0.30434782608695654,0.27698689473657023,0.27074690829876324,0.2635135135135126,0.29071154269720656,0.7804345109870741,0.03041446428933359,0.03041446428933359,0.025782541143669846,0.2905519738734623,0.24696685110919347
2007-10-01,1695.64,0.24170918950279463,0.22909950374904908,0.25050146333452583,0.24696685110919347,0.2603597445228134,0.30434782608695654,0.2680506803295615,0.27073890829556324,0.2637950450450463,0.27275928253889303,0.7891235275144188,0.02996008260648603,0.029960082606486024,0.02517061861152537,0.28649508435284365,0.21396179163070894
2007-11-01,1818.72,0.2558384245357114,0.2196544354692651,0.24895601785326782,0.21396179163070894,0.263902000263877,0.30434782608695654,0.26952737330700893,0.27648851059540425,0.2635135135135126,0.2678147882333022,0.8077621127183945,0.029686444899294378,0.029686444899294378,0.024343128007215734,0.2704875035957832,0.26602873242296565
2007-12-01,1804.63,0.25981695267984073,0.23861248958597459,0.25349704693814124,0.26602873242296565,0.26460314343654234,0.30434782608695654,0.26974221503889384,0.2799997119998847,0.2637950450450439,0.2624162994505618,0.8026982210306959,0.030910091076690373,0.030910091076690373,0.02530042389718571,0.24696685110919347,0.26006819297087846
2008-01-01,1928.34,0.2889020376355699,0.2648558336653747,0.2876170814247425,0.26006819297087846,0.2811629008320218,0.34782608695652173,0.2790083720088985,0.2861409144563657,0.21649774774774644,0.2670041908335069,0.784591537940192,0.031019722713897992,0.031019722713898,0.026024045569679785,0.21396179163070894,0.3124016447535408
2008-02-01,1978.85,0.3145076300918832,0.29455391748469595,0.3110964158567985,0.3124016447535408,0.29954806157781777,0.34782608695652173,0.29055805551369174,0.29167891667156665,0.21649774774774644,0.27821096209370866,0.7559942805327562,0.03247269388933614,0.03247269388933614,0.028076529209978655,0.26602873242296565,0.33376905765098064
2008-03-01,2011.78,0.33452298295813754,0.3211323215126598,0.34147013800505555,0.33376905765098064,0.3169550013484388,0.34782608695652173,0.30274900570545915,0.2961861184744474,0.2179054054054052,0.296050098215637,0.7706427358430885,0.031234503511228206,0.031234503511228206,0.026687193659466757,0.26006819297087846,0.34769954481614973
2008-04-01,2029.5,0.34841181650110664,0.33750950845799976,0.35630289558419015,0.34769954481614973,0.33168878383207534,0.34782608695652173,0.31436565375933856,0.299955319982128,0.21649774774774644,0.32106174774388707,0.7796758551352281,0.030990278365003485,0.030990278365003485,0.026186948798839725,0.3124016447535408,0.355195695212955
2008-05-01,1932.65,0.3341434755926712,0.3146212917013801,0.3495287417669105,0.355195695212955,0.3296407015778995,0.34782608695652173,0.31708316154378413,0.3018725207490084,0.2179054054054052,0.3295969937474622,0.7511035317409909,0.03357058632618232,0.03357058632618232,0.028997680777335978,0.33376905765098064,0.31422491835456967
2008-06-01,1929.19,0.3262514719781796,0.3109854384757489,0.33741884211822804,0.31422491835456967,0.3277286390058104,0.34782608695652173,0.31912851382794505,0.30397252158900856,0.21649774774774644,0.3389286030005588,0.7581503482519292,0.03219373411948376,0.032193734119483744,0.027806149084631027,0.34769954481614973,0.3127612230739294
2008-07-01,1954.88,0.32793227187250473,0.3066432426558481,0.3264775573163794,0.3127612230739294,0.32969772919130713,0.34782608695652173,0.3227456843570784,0.30748372299348925,0.21649774774774644,0.3409168890440495,0.766715474389108,0.034730886686917165,0.034730886686917165,0.029099061441320885,0.355195695212955,0.32362894901602457
2008-08-01,1872.09,0.31063943270432826,0.2895099069076683,0.31759784400091495,0.32362894901602457,0.32035715474549675,0.34782608695652173,0.3197268681942491,0.3091969236787694,0.21649774774774644,0.3329187949218545,0.7584128153276581,0.03386466367129519,0.0338646636712952,0.028885946293633127,0.31422491835456967,0.28860602061018326
2008-09-01,1835.24,0.29392187093639843,0.2643351323939581,0.303822264972053,0.28860602061018326,0.3089017739424015,0.34782608695652173,0.3144664877617235,0.3116601246640497,0.21621621621621634,0.3196930218202031,0.7734431525555119,0.031102637001219267,0.031102637001219267,0.026494275998719195,0.3127612230739294,0.27301724283804596
2008-10-01,1768.33,0.27090799850505676,0.22900894700619412,0.2764690529674313,0.27301724283804596,0.29203369315593075,0.34782608695652173,0.305102010074751,0.31456772582709036,0.21649774774774883,0.3001270585203376,0.7625159948778852,0.030874963164326658,0.030874963164326658,0.02676149832299443,0.32362894901602457,0.24471208352369833
2008-11-01,1830.69,0.2730595813283102,0.284737566559206,0.27039870733896,0.24471208352369833,0.288080089089469,0.34782608695652173,0.30175748871700403,0.3150465260186103,0.21621621621621634,0.2924885639840038,0.7515955063062536,0.03373566790912895,0.033735667909128936,0.02908499225920025,0.28860602061018326,0.2710924412406722
2008-12-01,1928.46,0.2955496351907968,0.27835784402506614,0.2840672488724407,0.2710924412406722,0.2979477250683422,0.34782608695652173,0.30610703089953994,0.3199997279998912,0.21649774774774644,0.2924338748803208,0.7854693220288558,0.031826436686546056,0.031826436686546056,0.026511601884526836,0.27301724283804596,0.3124524087517133
2009-01-01,2022.2,0.3273262460654134,0.33437171731807147,0.3212913707250985,0.3124524087517133,0.31716453631754205,0.391304347826087,0.3166710004814952,0.32375412950165183,0.6354166666666659,0.29747725907202327,0.6230611867146358,0.04676292375818225,0.04676292375818224,0.04468807446142054,0.24471208352369833,0.3521075519907949
2009-02-01,2021.64,0.34309189642475835,0.35724182272612015,0.3492897402361277,0.3521075519907949,0.33081813580723074,0.391304347826087,0.32556862162346323,0.325465730186292,0.6354166666666659,0.30868103366900956,0.6146189677771694,0.04920804299811163,0.04920804299811163,0.04691322626155416,0.2710924412406722,0.35187065333265655
2009-03-01,2095.02,0.3670469173561347,0.3721519904372079,0.3737118843877748,0.35187065333265655,0.35009625112076126,0.391304347826087,0.33848587453941736,0.32879533151813256,0.6368243243243247,0.32814286292213624,0.6403789941309277,0.04635784120815105,0.04635784120815105,0.04323779716607529,0.3124524087517133,0.3829128382151379
2009-04-01,2068.47,0.37320926296480805,0.38017531785416736,0.3804963020744745,0.3829128382151379,0.36041984670883676,0.391304347826087,0.34746621776778597,0.3303541321416529,0.6354166666666659,0.3506283253597121,0.6481617826983586,0.04409270974855116,0.04409270974855116,0.04124232960039414,0.3521075519907949,0.37168130361947305
2009-05-01,2109.75,0.3853318672304469,0.33632321512659835,0.3934155811402865,0.37168130361947305,0.37315244898970523,0.391304347826087,0.3580962744209796,0.337438134975254,0.6368243243243247,0.3715345462827142,0.648985407607614,0.046364018702322304,0.046364018702322304,0.04267523539050594,0.35187065333265655,0.3891441189908118
2009-06-01,2013.14,0.3702329781453306,0.33475658347520554,0.3814097864528653,0.3891441189908118,0.3697061069877263,0.391304347826087,0.3599965979616334,0.3407961363184545,0.6354166666666659,0.3778784823099477,0.6307176592527084,0.04640854482298637,0.04640854482298637,0.04392288072087609,0.3829128382151379,0.34827487012877145
2009-07-01,2047.71,0.37025529439776306,0.34638859709493974,0.3783658160362694,0.34827487012877145,0.37173200655631744,0.391304347826087,0.36414313484744154,0.34450933780373505,0.6354166666666659,0.3797896042756391,0.6280199932253789,0.049236238587186176,0.049236238587186176,0.04595831319978287,0.37168130361947305,0.3628991319356313
2009-08-01,1986.22,0.35679848690974814,0.30890263339008217,0.3602530190438765,0.3628991319356313,0.3651969883349607,0.391304347826087,0.36313636203602373,0.3490745396298157,0.6354166666666659,0.37713605899830527,0.6454047859280201,0.04555491089219982,0.04555491089219982,0.042381980591796986,0.3891441189908118,0.33688681320540814
2009-09-01,1951.24,0.34240852133152677,0.292217553519035,0.35117682594236976,0.33688681320540814,0.3559883231666776,0.391304347826087,0.35971579910133733,0.3537145414858166,0.6351351351351334,0.3663645530701565,0.6320434848059382,0.04888482236158727,0.04888482236158727,0.04544702617118615,0.34827487012877145,0.3220891077381255
2009-10-01,1907.59,0.3256530132690191,0.2619217951968703,0.33063149189740815,0.3220891077381255,0.34374444726497655,0.391304347826087,0.3536161362656638,0.35928494371397723,0.6354166666666671,0.3543119736173771,0.645512387429835,0.04723751724972547,0.04723751724972547,0.04346671725303552,0.3628991319356313,0.30362370340288003
2009-11-01,1877.49,0.31068254879723245,0.29015738761908216,0.31468877015384067,0.30362370340288003,0.3310915051598937,0.391304347826087,0.3462445567600281,0.3611569444627777,0.6351351351351334,0.3369118486565209,0.6576461393178616,0.04409144893134376,0.04409144893134376,0.04064856636689925,0.33688681320540814,0.2908904005279457
2009-12-01,1899.52,0.3080224797176494,0.33442605136378456,0.3071052369194316,0.2908904005279457,0.3249134296242385,0.391304347826087,0.3416247903029217,0.35999934399973754,0.6354166666666659,0.32839982679286617,0.6222617240984947,0.049307561652526866,0.049307561652526866,0.046418602341010466,0.3220891077381255,0.3002098245257797
2010-01-01,2061.02,0.3420652935548024,0.37686999673995725,0.3296021724212761,0.3002098245257797,0.34146502379156873,0.43478260869565216,0.34957514928723143,0.36155214462085783,0.6692004504504501,0.3293969664778268,0.50499841863449,0.08455834894908179,0.08455834894908179,0.07958261741105169,0.30362370340288003,0.3685297053995973
2010-02-01,2154.6,0.37958324010876276,0.3766164378599631,0.3702338989214139,0.3685297053995973,0.3654353211011693,0.43478260869565216,0.36317421461231547,0.36687054674821873,0.6692004504504501,0.34201142028351417,0.4778063887991108,0.08830508777367757,0.08830508777367756,0.08568656047048955,0.2908904005279457,0.40811716330778214
2010-03-01,2233.62,0.41564972099407826,0.4098417068134893,0.4192218813965899,0.40811716330778214,0.39281464133058697,0.43478260869565216,0.3804837734215939,0.3724145489658195,0.6638513513513511,0.36316636425340376,0.499650121373486,0.08789177350368266,0.08789177350368267,0.0821724841288243,0.3002098245257797,0.4415452561043708
2010-04-01,2147.25,0.4147656059301311,0.39782029919947826,0.43186550225511866,0.4415452561043708,0.4011595071842412,0.43478260869565216,0.3887879349532001,0.3755657502263,0.6692004504504501,0.38112087190912913,0.5043477767881828,0.08489458880717203,0.08489458880717203,0.07985978591973811,0.3685297053995973,0.4050078684197168
2010-05-01,2200.3,0.42594292676594026,0.4165112109247654,0.43856634271939754,0.4050078684197168,0.41400660864969563,0.43478260869565216,0.39971014155023366,0.37918775167510066,0.6638513513513511,0.405304693224095,0.5123697488992405,0.08280605589763025,0.08280605589763024,0.07759906471990217,0.40811716330778214,0.42744978594514116
2010-06-01,2145.79,0.41959242950565745,0.37276777628862245,0.42568811913126614,0.42744978594514116,0.4161071023778543,0.43478260869565216,0.40494918845055916,0.3844937537975015,0.6692004504504501,0.4237543994761833,0.5077279332097804,0.08172287511815432,0.0817228751181543,0.07761917971215151,0.4415452561043708,0.40439023977528477
2010-07-01,2110.43,0.40867238880982715,0.3884205092911218,0.4202893238162827,0.40439023977528477,0.4130173317829733,0.43478260869565216,0.406785645435253,0.38700255480102175,0.6692004504504501,0.4274560277131415,0.49523531725527775,0.08554984552305293,0.08554984552305293,0.08152228872800478,0.4050078684197168,0.38943178164712255
2010-08-01,2010.35,0.381292153814453,0.3605788387003296,0.39243758101125503,0.38943178164712255,0.39781885008171436,0.43478260869565216,0.40099041908758126,0.38796775518710214,0.6692004504504501,0.41664931099221014,0.4872014796820177,0.08890512649254625,0.08890512649254625,0.08457313661941024,0.42744978594514116,0.34709460717126084
2010-09-01,1976.23,0.36012883763799597,0.3447404643749774,0.3675755567416028,0.34709460717126084,0.3825336343266731,0.43478260869565216,0.39358123995712135,0.38896735558694207,0.6689189189189176,0.3973665323662101,0.48090531729061375,0.08776141595261365,0.08776141595261365,0.08490090248599722,0.40439023977528477,0.33266071035754785
2010-10-01,1922.75,0.33783361960426284,0.3249764552468576,0.34005665655919903,0.33266071035754785,0.3646733212679275,0.43478260869565216,0.3833847500705293,0.38957375582950216,0.6692004504504513,0.3805477600691629,0.5090909402124597,0.08193759914116946,0.08193759914116946,0.07755564702234459,0.38943178164712255,0.3100368885053387
2010-11-01,1966.42,0.33625091639929217,0.3113476654471692,0.3336153453645433,0.3100368885053387,0.3575848089453131,0.43478260869565216,0.37796375994357145,0.3931309572523827,0.6689189189189176,0.36302627024807876,0.49461852805880996,0.08434586899039716,0.08434586899039717,0.08093530730292378,0.34709460717126084,0.32851075350694625
2010-12-01,2071.24,0.35841796706845586,0.3213224906726555,0.34754634870176715,0.32851075350694625,0.3661283935468722,0.43478260869565216,0.3810739911097498,0.399999759999904,0.6692004504504501,0.3574412391801728,0.5039658017499098,0.08549173578951832,0.08549173578951832,0.08024307696905836,0.33266071035754785,0.3728531059106215
2011-01-01,2137.04,0.3839134640637373,0.39444706052812695,0.3789669855308766,0.3728531059106215,0.38077252949597584,0.4782608695652174,0.388537601351973,0.40304056121622434,0.561092342342342,0.35943476938429053,0.5165264582785603,0.09257992043388417,0.09257992043388419,0.08222272633030175,0.3100368885053387,0.4006886982418736
2011-02-01,2212.16,0.4131145151624681,0.43681856051001555,0.41499903226374035,0.4006886982418736,0.40098404230185114,0.4782608695652174,0.40036923344716857,0.4053429621371848,0.561092342342342,0.37455368447234005,0.5232787692765875,0.09258500968376498,0.09258500968376498,0.08128234155637225,0.32851075350694625,0.4324669610978561
2011-03-01,2235.63,0.43285560264004963,0.4725975296120549,0.4391029964633637,0.4324669610978561,0.4184675055133541,0.4782608695652174,0.4121040815314978,0.40542336216934494,0.5625000000000008,0.39398704542491936,0.5386530666192497,0.08835829529116053,0.08835829529116053,0.07709453539521147,0.3728531059106215,0.4423955530737602
2011-04-01,2281.7,0.4528167168105792,0.43349060021009167,0.46031401575357334,0.4423955530737602,0.4369360944969445,0.4782608695652174,0.42541661602474434,0.4108013643205456,0.561092342342342,0.42087835195509793,0.5257506438516772,0.08899687272258941,0.08899687272258941,0.07911708172710684,0.4006886982418736,0.4618846980388175
2011-05-01,2252.1,0.4563140769177788,0.4575107762523998,0.4661702863912822,0.4618846980388175,0.44628553289898043,0.4782608695652174,0.4345074583356072,0.412873365149346,0.5625000000000008,0.4422805206402671,0.5065724778582903,0.09668409296049521,0.09668409296049521,0.08573374794053655,0.4324669610978561,0.4493629118229352
2011-06-01,2189.98,0.4444568043944387,0.4328295359872496,0.4594767772623033,0.4493629118229352,0.44489983280216283,0.4782608695652174,0.43763806593189636,0.4146409658563862,0.561092342342342,0.45117611539550717,0.5361218198526536,0.0895390811701332,0.0895390811701332,0.07802147970234295,0.4423955530737602,0.4230840821023064
2011-07-01,2118.76,0.42292907053892337,0.4168191038504726,0.4355854217863825,0.4230840821023064,0.4346648949139651,0.4782608695652174,0.4350571598055655,0.4149741659896665,0.561092342342342,0.44980664030601913,0.5255935433477403,0.08938412672907967,0.08938412672907967,0.07933787082062062,0.4618846980388175,0.39295564918693004
2011-08-01,2096.47,0.4072830934543724,0.3715045097257941,0.412765907531334,0.39295564918693004,0.4244607338338261,0.4782608695652174,0.4312364997465379,0.41841896736758677,0.561092342342342,0.44113954112096165,0.5237239937186589,0.08968152209411645,0.08968152209411645,0.07974370217920461,0.4493629118229352,0.38352623652638873
2011-09-01,2128.0,0.4063660238552864,0.35605552939471874,0.4036779842933472,0.38352623652638873,0.42126499379371574,0.4782608695652174,0.4303189687389335,0.4244897697959077,0.5608108108108106,0.4330762695738294,0.5368165626531394,0.087987594231055,0.087987594231055,0.07714177897220491,0.4230840821023064,0.3968644770462122
2011-10-01,2134.81,0.40739906241454804,0.33184065635527216,0.4060313429246748,0.3968644770462122,0.4198663364594004,0.4782608695652174,0.43004267350253134,0.43297217318886905,0.5610923423423432,0.42207177308067456,0.5166930132176362,0.09644870000589094,0.09644870000589094,0.08413393104240494,0.39295564918693004,0.39974533394250134
2011-11-01,2099.88,0.40026497120621196,0.3516137211576774,0.40653133999214075,0.39974533394250134,0.4143329910550524,0.4782608695652174,0.42724387861590696,0.4383105753242301,0.5608108108108106,0.4106679712140531,0.5063534039880377,0.09576536099153789,0.09576536099153789,0.08530592769661413,0.38352623652638873,0.384968780141124
2011-12-01,2113.48,0.39967669178115517,0.3990745100880211,0.40440232022099587,0.384968780141124,0.41214603350276846,0.4782608695652174,0.425874353211916,0.44000017600007035,0.561092342342342,0.40493685281439107,0.5206300235954018,0.09134620868789657,0.09134620868789657,0.08102099144416938,0.3968644770462122,0.39072203326734023
2012-01-01,2279.87,0.43582644210850163,0.4288676784873401,0.4256719901936058,0.39072203326734023,0.4321832028905911,0.5217391304347826,0.43693400240304636,0.4457133782853514,0.4124436936936941,0.4170066630806597,0.5012779747308524,0.10428289357396489,0.10428289357396488,0.09023893966267178,0.39974533394250134,0.46111054706668697
2012-02-01,2304.59,0.45931566285655934,0.4628807911037055,0.455687943179219,0.46111054706668697,0.44970439906183257,0.5217391304347826,0.4481074251447741,0.44941057976423193,0.4124436936936941,0.43259830179095593,0.5283669654904399,0.0975736391620581,0.0975736391620581,0.08302302013870055,0.384968780141124,0.4715679306902213
2012-03-01,2335.79,0.4778939132885489,0.47350762487774845,0.48828452619046214,0.4715679306902213,0.46626964794107595,0.5217391304347826,0.45985296215491633,0.45341698136679265,0.4138513513513505,0.44816521802972387,0.5240981170232442,0.09936746508183986,0.09936746508183986,0.08448196594602937,0.39072203326734023,0.4847665702150702
2012-04-01,2317.25,0.4831222793162555,0.4943673705944144,0.4937654324608064,0.4847665702150702,0.47569526932700934,0.5217391304347826,0.46843004994003534,0.4548389819355926,0.4124436936936941,0.46183299895566277,0.5149373234223651,0.0987277798186826,0.09872777981868261,0.08550189391867559,0.46111054706668697,0.4769235324974196
2012-05-01,2349.37,0.49277160715900936,0.48096497265186355,0.5003313763555638,0.4769235324974196,0.4865973910720336,0.5217391304347826,0.4780462462879167,0.4587297834919134,0.4138513513513505,0.48052393659659975,0.5062904481380692,0.1029574056275506,0.10295740562755061,0.08882968489376578,0.4715679306902213,0.49051136267492423
2012-06-01,2329.43,0.49322887419718975,0.452838048321078,0.499398830505393,0.49051136267492423,0.4917961859984612,0.5217391304347826,0.4847187784057527,0.46430778572311404,0.4124436936936941,0.4967021721313317,0.5348590366847459,0.09734949038241775,0.09734949038241775,0.082018189185408,0.4847665702150702,0.4820760783119278
2012-07-01,2219.52,0.46938425839671316,0.42059079219038653,0.48506900252784446,0.4820760783119278,0.48124206436020556,0.5217391304347826,0.4822937715162452,0.4683381873352749,0.4124436936936941,0.49218095650493165,0.5205779598234199,0.10116511056662757,0.10116511056662757,0.08584038370263362,0.4769235324974196,0.4355804863191025
2012-08-01,2203.04,0.4538523867735522,0.4104982431991885,0.46361311663861204,0.4355804863191025,0.47156411783196805,0.5217391304347826,0.479031670582045,0.4726009890403954,0.4124436936936941,0.48457317776655706,0.5082463307531573,0.1035365433719851,0.1035365433719851,0.08880264715862704,0.49051136267492423,0.42860889723674644
2012-09-01,2130.02,0.43009310490324404,0.42477451371029085,0.43437428519480814,0.42860889723674644,0.45517248665787835,0.5217391304347826,0.4709093705616927,0.47268178907271563,0.41216216216216167,0.469157593020172,0.510861585486418,0.10309224168045399,0.10309224168045397,0.08819407316642278,0.4820760783119278,0.3977190043487826
2012-10-01,2093.78,0.4102759282084588,0.42785797080450605,0.41593744318215153,0.3977190043487826,0.43875982158180016,0.5217391304347826,0.4613754516232291,0.4710405884162353,0.4124436936936941,0.45241598480092426,0.5156786716317974,0.09910973802729786,0.09910973802729786,0.0855777759934559,0.4355804863191025,0.3823882769006888
2012-11-01,2197.36,0.42305414874579617,0.41204223566486764,0.4151046034920617,0.3823882769006888,0.4404823312128898,0.5217391304347826,0.460914455623443,0.4749397899759159,0.41216216216216167,0.44102791541618414,0.5195508468714365,0.09830636714124591,0.09830636714124592,0.08462709107473274,0.42860889723674644,0.426206067989915
2012-12-01,2239.99,0.4387803768244286,0.4182000941790126,0.43122914235107135,0.426206067989915,0.4472465457577839,0.5217391304347826,0.4636548210135958,0.4800001920000768,0.4124436936936941,0.4343273764663047,0.5105718053172106,0.1009297719482741,0.1009297719482741,0.0872111006636709,0.3977190043487826,0.44423997834069406
2013-01-01,2356.04,0.4720615655024101,0.4935387763972904,0.4696834622670836,0.44423997834069406,0.46714271479484415,0.5652173913043478,0.4744954645325785,0.4830469932187972,0.29757882882882813,0.4445549880208387,0.30458114508134126,0.1824853856280412,0.1824853856280412,0.17709995729530065,0.3823882769006888,0.4933329949066789
2013-02-01,2371.04,0.4919875637154203,0.5047315898141777,0.495149588565463,0.4933329949066789,0.48330143177862994,0.5652173913043478,0.4847698082710097,0.48570499428199765,0.29757882882882813,0.4571409735259787,0.2963972856753529,0.19040986574729893,0.19040986574729893,0.18393467350493875,0.426206067989915,0.4996784946782409
2013-03-01,2423.49,0.5134385250347475,0.5188584416995689,0.5220555891167792,0.4996784946782409,0.5016519687730285,0.5652173913043478,0.4973150324587694,0.48921299568519816,0.2922297297297291,0.4791267423723683,0.30000376432256176,0.18550689433492584,0.18550689433492584,0.18034526369693052,0.44423997834069406,0.5218665922128027
2013-04-01,2447.87,0.5295038821243176,0.5104638316369036,0.5355203195289177,0.5218665922128027,0.5179242917198397,0.5652173913043478,0.509720513056297,0.4944377977751192,0.29757882882882813,0.5056539543218627,0.3011150503358119,0.1813769620429185,0.18137696204291853,0.17817555007212382,0.4933329949066789,0.5321801445081815
2013-05-01,2402.32,0.52755988423833,0.5250072445394284,0.5401068028926516,0.5321801445081815,0.5236344803762318,0.5652173913043478,0.5168725955643303,0.49655579862231936,0.2922297297297291,0.5210088566381336,0.2966687145641183,0.18215860045816848,0.18215860045816848,0.18049153061052148,0.4996784946782409,0.5129109768685383
2013-06-01,2328.44,0.5104061760811647,0.5159787372767776,0.5261699344871876,0.5129109768685383,0.5181227367208485,0.5652173913043478,0.5174991447371189,0.49651619860647933,0.29757882882882813,0.527635228173429,0.2959886738194014,0.18576249159142733,0.18576249159142733,0.18227242204233923,0.5218665922128027,0.48165727532700486
2013-07-01,2330.3,0.5022367120829605,0.46621327924077216,0.508931032662565,0.48165727532700486,0.5144272257582818,0.5652173913043478,0.5181658866792058,0.5009474003789601,0.29757882882882813,0.5257068753942483,0.28901553060311724,0.1854806842523057,0.18548068425230574,0.18541156128655065,0.5321801445081815,0.48244411729867853
2013-08-01,2255.11,0.4816833455980227,0.45875140362951417,0.4873461152720512,0.48244411729867853,0.5020270725888938,0.5652173913043478,0.5132086430615428,0.5030302012120803,0.29757882882882813,0.5170217962298981,0.28160979137773023,0.1941397972150916,0.1941397972150916,0.19252928972638064,0.5129109768685383,0.45063624211042874
2013-09-01,2268.07,0.47424525130270667,0.42568913681312703,0.4784942610307271,0.45063624211042874,0.49485217319330776,0.5652173913043478,0.5099657409901082,0.5085522034208813,0.29729729729729687,0.5053782613060357,0.29473680689809745,0.18600501628316893,0.18600501628316893,0.18294686050137504,0.48165727532700486,0.45611875391305834
2013-10-01,2247.24,0.46596387330866007,0.409280255007788,0.46631544683022397,0.45611875391305834,0.48702327821364144,0.5652173913043478,0.5056921423582521,0.5146906058762423,0.29757882882882936,0.49034774778284385,0.3059785298347652,0.1815640447622104,0.18156404476221044,0.17611924794877887,0.48244411729867853,0.44730696989694907
2013-11-01,2270.63,0.46694622408585806,0.4561795921324302,0.4685910933073706,0.44730696989694907,0.48446749382693755,0.5652173913043478,0.5037936128981979,0.5176214070485629,0.29729729729729687,0.48048198331158265,0.3091640870971413,0.1804210104844476,0.1804210104844476,0.17428804063573625,0.45063624211042874,0.4572017192074048
2013-12-01,2299.45,0.47374975545107345,0.47548176187198876,0.47319223934170473,0.4572017192074048,0.4863830917037546,0.5652173913043478,0.5043034972866269,0.5199998079999232,0.29757882882882813,0.478310151646142,0.3015425653937944,0.1818700713694028,0.18187007136940278,0.178187682709201,0.45611875391305834,0.46939353943516593
2014-01-01,2459.15,0.5121301210457434,0.528027311913645,0.5042639046105301,0.46939353943516593,0.5084822210451159,0.6086956521739131,0.5164621510797054,0.5241242096496838,0.581362612612613,0.4879631530291021,0.22972994488594056,0.2626418749287819,0.2626418749287819,0.24854573039723543,0.44730696989694907,0.5369519603363961
2014-02-01,2436.45,0.526348392647062,0.5348190676277754,0.528577544999736,0.5369519603363961,0.5213205996887811,0.6086956521739131,0.5250833189019461,0.5267406106962441,0.581362612612613,0.5015485257166145,0.22443337885388737,0.26485255877366765,0.26485255877366765,0.25322446401936627,0.4572017192074048,0.5273491040154321
2014-03-01,2501.03,0.5476022872600006,0.5585675734415184,0.5581345563955636,0.5273491040154321,0.5388740760306705,0.6086956521739131,0.5371204414138286,0.5298422119368845,0.5760135135135139,0.5190010922837421,0.2184012861887154,0.27334448852271415,0.27334448852271415,0.2606129760267936,0.46939353943516593,0.5546685956985973
2014-04-01,2508.16,0.5597908965412537,0.5696064403955517,0.565320731256708,0.5546685956985973,0.5523378271176347,0.6086956521739131,0.5478292745645053,0.532253812901525,0.581362612612613,0.5385483264385106,0.22367359322863117,0.26333176676675435,0.26333176676675435,0.2533176406898342,0.5369519603363961,0.5576848232566796
2014-05-01,2584.15,0.5825290572076636,0.548982142210309,0.5869774957331627,0.5576848232566796,0.5718191436040778,0.6086956521739131,0.562470751014059,0.5395270158108062,0.5760135135135139,0.5620361727216744,0.2385674876410515,0.2559817668725133,0.25598176687251334,0.2400895136073382,0.5273491040154321,0.5898311250994128
2014-06-01,2504.99,0.5765599661630423,0.515530481399645,0.5875581374889295,0.5898311250994128,0.5754585168068989,0.6086956521739131,0.5690467546572446,0.5465890186356074,0.581362612612613,0.5774345266545701,0.2344419810030851,0.25659769695767004,0.25659769695767004,0.2431931313381766,0.5546685956985973,0.5563438076382896
2014-07-01,2445.5,0.5605455088763698,0.5163726591081973,0.5783705080908615,0.5563438076382896,0.5703356021090629,0.6086956521739131,0.5702425500240262,0.551197020478808,0.581362612612613,0.5764119153322776,0.21714188598355194,0.27737148847447707,0.27737148847447707,0.26287119920297036,0.5576848232566796,0.5311775555442748
2014-08-01,2351.66,0.5319847935971669,0.48232785163183245,0.5442812652125205,0.5311775555442748,0.5544948963713647,0.6086956521739131,0.5643634458607805,0.5550590220236088,0.581362612612613,0.5700597384812011,0.2257698706711871,0.25960431094687675,0.25960431094687675,0.2505193212185962,0.5898311250994128,0.4914801089733827
2014-09-01,2319.41,0.5106408176284232,0.4881959285688412,0.5170702811127207,0.4914801089733827,0.538993696064783,0.6086956521739131,0.5570206124714798,0.5571126228450488,0.5810810810810805,0.5564533891511801,0.21278526028928607,0.2737532719757463,0.2737532719757463,0.2653061852851852,0.5563438076382896,0.47783728446452445
2014-10-01,2316.96,0.4994322136779614,0.47876444380048533,0.4982228843232591,0.47783728446452445,0.5276033727451492,0.6086956521739131,0.5506275354742132,0.5599014239605694,0.581362612612613,0.5421293389810445,0.2314519563568831,0.25580926309616847,0.25580926309616847,0.24508587096189222,0.5311775555442748,0.4768008528351694
2014-11-01,2229.21,0.4746082990397158,0.4893550548773863,0.4802684441733479,0.4768008528351694,0.5080764966379794,0.6086956521739131,0.5387742833333615,0.5582446232978492,0.5810810810810805,0.5155384479382209,0.2131908120304915,0.2747122837151614,0.2747122837151614,0.26527367483958014,0.4914801089733827,0.4396796791715316
2014-12-01,2343.33,0.48719169439413434,0.5024042815228021,0.4837757549809091,0.4396796791715316,0.5089427796355335,0.6086956521739131,0.5371247560056522,0.5599998239999294,0.581362612612613,0.503427433552739,0.2161225952436986,0.2725854414292227,0.2725854414292227,0.26220745454445754,0.47783728446452445,0.4879562414335753
2015-01-01,2450.81,0.5170244059633189,0.5747138406925779,0.5034017395792397,0.4879562414335753,0.5235136586281197,0.6521739130434783,0.5436215560897051,0.5596662238664895,0.5340653153153155,0.5038252405945979,0.16316787594049403,0.34681872427448684,0.34681872427448684,0.3368053638466738,0.4768008528351694,0.5334238624634076
2015-02-01,2554.5,0.5546516635943841,0.5644356503785272,0.5510979407745408,0.5334238624634076,0.5473815503949899,0.6521739130434783,0.5567330922519871,0.56438822575529,0.5340653153153155,0.5190213197604466,0.17507754553716803,0.33165387284692366,0.3316538728469236,0.31870551805955527,0.4396796791715316,0.5772881872176252
2015-03-01,2641.37,0.5924921613789891,0.5936764226464303,0.5947985642312946,0.5772881872176252,0.5757067415563091,0.6521739130434783,0.5742065736191133,0.5700018280007312,0.5354729729729719,0.543141461982083,0.17849601604362475,0.32688475571905196,0.32688475571905196,0.31361694236520904,0.4879562414335753,0.6140370915613313
2015-04-01,2692.32,0.6225718320967115,0.5969047705292135,0.6302103799977713,0.6140370915613313,0.602552900481786,0.6521739130434783,0.5927332266473786,0.5773682309472924,0.5340653153153155,0.5712621495964244,0.16873856969256246,0.3508126661986506,0.3508126661986506,0.3311429759594141,0.5334238624634076,0.6355906391187371
2015-05-01,2618.38,0.6214168166259053,0.6313118049769987,0.6395768939771614,0.6355906391187371,0.6121304897764912,0.6521739130434783,0.6029800064480892,0.5787374314949726,0.5354729729729719,0.6004174351859205,0.1688320679535582,0.3465682302920249,0.3465682302920249,0.32991525117518283,0.5772881872176252,0.6043115555781173
2015-06-01,2600.08,0.6168311161641984,0.5954694461549604,0.6335226772863501,0.6043115555781173,0.6165960804276429,0.6521739130434783,0.6103065389204776,0.582541033016413,0.5340653153153155,0.6196522672004722,0.15880596699084726,0.3591954385772483,0.3591954385772483,0.3455696507530778,0.6140370915613313,0.5965700458568117
2015-07-01,2528.21,0.598796800838292,0.5685333429927192,0.6094597685644071,0.5965700458568117,0.6104562586650824,0.6521739130434783,0.611228299466595,0.5858494343397737,0.5340653153153155,0.6254508105224831,0.15811279210108264,0.3609753492997788,0.3609753492997788,0.34692449643834067,0.6355906391187371,0.5661666412846675
2015-08-01,2402.26,0.562193201979821,0.526044119245119,0.5777708048633144,0.5661666412846675,0.58972095380929,0.6521739130434783,0.6027593934838467,0.5878734351493741,0.5340653153153155,0.614045510324254,0.15696821725619842,0.35692195941407795,0.35692195941407795,0.3473371502239557,0.6043115555781173,0.512885594869452
2015-09-01,2359.26,0.5344732447783958,0.5114418444597383,0.5424601615239791,0.512885594869452,0.569328141110852,0.6521739130434783,0.5924357870609875,0.5894674357869744,0.533783783783783,0.5929107938310693,0.17862437671596548,0.32817722470682426,0.3281772247068242,0.3138363119126425,0.5965700458568117,0.4946951621909743
2015-10-01,2364.91,0.5218507683035638,0.5103325243597637,0.5185160204338978,0.4946951621909743,0.5554952794825558,0.6521739130434783,0.5841153229230964,0.5913854365541745,0.5340653153153155,0.5683823562463196,0.17489758878718176,0.33800656482305563,0.33800656482305563,0.32063910039814414,0.5661666412846675,0.4970853004382625
2015-11-01,2358.06,0.5140391956303456,0.4706007534321005,0.5120351200286214,0.4970853004382625,0.5447254574637421,0.6521739130434783,0.5765719157256401,0.5965394386157753,0.533783783783783,0.5488800720397838,0.1717899028352654,0.33845959240130785,0.33845959240130785,0.3242934727217982,0.512885594869452,0.4941875222092492
2015-12-01,2429.84,0.5258551619655452,0.522272430905205,0.5223840329382231,0.4941875222092492,0.5463505738148005,0.6521739130434783,0.5754600368475931,0.5999998399999359,0.5340653153153155,0.5361262733945752,0.17652186785219698,0.3341665380437654,0.3341665380437654,0.31778725171393896,0.4946951621909743,0.524552853782764
2016-01-01,2645.63,0.579026965264791,0.5709376245155214,0.5635450818470272,0.524552853782764,0.5755233253320509,0.6956521739130435,0.5903652734099325,0.6077926431170572,0.6083896396396394,0.5449229782637034,0.10985609905769814,0.4695103055886398,0.4695103055886398,0.45061304562801074,0.4970853004382625,0.615839213496455
2016-02-01,2698.53,0.6171993912434568,0.617886767848734,0.6134670764394344,0.615839213496455,0.6032280163090726,0.6956521739130435,0.6068619901176708,0.6135538454215382,0.6083896396396394,0.5671185135351785,0.1092743065120293,0.45041134289305473,0.45041134289305473,0.447552164542568,0.4941875222092492,0.6382176760241638
2016-03-01,2759.9,0.6497272866160286,0.6572200891078349,0.6618626870223635,0.6382176760241638,0.6309835932930656,0.6956521739130435,0.6253273194221565,0.618295047318019,0.6097972972972958,0.5971330923017218,0.11213497284899729,0.44601387256132957,0.44601387256132957,0.4408641910067459,0.524552853782764,0.6641792307562144
2016-04-01,2764.59,0.667018470580258,0.6802894193501648,0.6793053999683286,0.6641792307562144,0.6514178198498095,0.6956521739130435,0.6412962285187105,0.6211858484743394,0.6083896396396394,0.627075751151093,0.11556484605757308,0.44514690716326916,0.4451469071632691,0.43405016242015076,0.615839213496455,0.6661632570181228
2016-05-01,2647.67,0.6500554344990144,0.6468105915166443,0.6718479657010809,0.6661632570181228,0.6508361730175378,0.6956521739130435,0.6462226230566586,0.6223574489429794,0.6097972972972958,0.6487723419971861,0.11049298996722784,0.45169726758899365,0.45169726758899365,0.4454047889177559,0.6382176760241638,0.6167022014653876
2016-06-01,2571.62,0.6249169188171129,0.638524649545405,0.6442410894950762,0.6167022014653876,0.6405485708994747,0.6956521739130435,0.6448065486852059,0.6212190484876191,0.6083896396396394,0.6593940147645597,0.10273758377582812,0.4687631841636205,0.46876318416362056,0.4653019396367941,0.6641792307562144,0.584530517623568
2016-07-01,2608.75,0.6204801306989856,0.6059830840004347,0.6213907836317675,0.584530517623568,0.6380201727153874,0.6956521739130435,0.6463348906101056,0.6244406497762599,0.6083896396396394,0.65663109127986,0.10966365117969043,0.4668440065034156,0.4668440065034156,0.45042729302412715,0.6661632570181228,0.6002377447247746
2016-08-01,2481.01,0.5902832372487707,0.5489549751874526,0.5969539768095201,0.6002377447247746,0.6196320941211222,0.6956521739130435,0.6382478011380985,0.6275906510362604,0.6083896396396394,0.6403352367139191,0.11305396059822417,0.4493298075655342,0.4493298075655342,0.4398257015108051,0.6167022014653876,0.5461994686701526
2016-09-01,2476.77,0.5742561163619402,0.5294852754736118,0.5830464337452567,0.5461994686701526,0.6059473528729036,0.6956521739130435,0.6310935243380058,0.6322910529164208,0.608108108108107,0.6191241053087387,0.11307498399867669,0.45967602140333175,0.45967602140333175,0.4420841927056963,0.584530517623568,0.5444058074013909
2016-10-01,2427.75,0.5555058560582291,0.5320435034592675,0.5565069999589446,0.5444058074013909,0.5898091937448158,0.6956521739130435,0.6214402311869189,0.6348046539218614,0.6083896396396407,0.5938892043709328,0.11758882440769056,0.443168933333087,0.44316893333308693,0.429791405753304,0.6002377447247746,0.5236687141479264
2016-11-01,2459.37,0.5530563572728069,0.5289419350164813,0.5533339980410671,0.5236687141479264,0.5823865666764858,0.6956521739130435,0.6155940042044445,0.638857055542822,0.608108108108107,0.5797824122839218,0.11818870832140557,0.4432500464791915,0.4432500464791915,0.4286935135398785,0.5461994686701526,0.537045027666379
2016-12-01,2458.39,0.5516169614936599,0.5614427500271671,0.5506389991847555,0.537045027666379,0.5769574752445625,0.6956521739130435,0.6105752326444382,0.6399990559996224,0.6083896396396394,0.5712996078866183,0.11406722053254523,0.44289964605788706,0.44289964605788706,0.4363991833878334,0.5444058074013909,0.536630455014637
2017-01-01,2700.91,0.6040156734392355,0.6591489477306479,0.5906915501961866,0.536630455014637,0.6045613597076174,0.7391304347826086,0.6241374948439966,0.6422102568841027,0.7029842342342344,0.5782039199351524,0.1022643828537686,0.48807100667240727,0.48807100667240727,0.47048999753618204,0.5236687141479264,0.6392244953212516
2017-02-01,2719.46,0.6342779788695609,0.6831012062158149,0.6288276901601749,0.6392244953212516,0.6266864173922497,0.7391304347826086,0.6369754330255417,0.6430474572189827,0.7029842342342344,0.5960677785286083,0.10916515088473933,0.4854376195211111,0.4854376195211111,0.4553553643187512,0.537045027666379,0.6470717633720833
2017-03-01,2713.14,0.6480248814191365,0.7108885427608939,0.6661808435141142,0.6470717633720833,0.6416696233784958,0.7391304347826086,0.6473742086965424,0.6411770564708225,0.6976351351351353,0.613775810634858,0.11650264844811117,0.45359873881907414,0.45359873881907414,0.4341580273972914,0.536630455014637,0.6443981928016651
2017-04-01,2798.1,0.6735068602363716,0.7130120983808453,0.6804314930704219,0.6443981928016651,0.6634006710606137,0.7391304347826086,0.662412020752116,0.6425174570069828,0.7029842342342344,0.6415211661814569,0.11264092050081206,0.46178507969070387,0.46178507969070387,0.44339470514592816,0.6392244953212516,0.6803391035077924
2017-05-01,2761.0,0.6781219507299141,0.6600726265077698,0.6865223664377335,0.6803391035077924,0.6741068532686552,0.7391304347826086,0.672411967542994,0.6470506588202632,0.6976351351351353,0.6641182543238106,0.10329015587849158,0.49269685771552146,0.49269685771552146,0.4692184763322554,0.6470717633720833,0.664644567406129
2017-06-01,2691.0,0.6650976112312603,0.6256384250371282,0.6832760511668553,0.664644567406129,0.6726673438069324,0.7391304347826086,0.6757331671744784,0.6518258607303441,0.7029842342342344,0.6815446000878024,0.10581715690699806,0.4816567980026308,0.4816567980026308,0.4615270578760672,0.6443981928016651,0.6350322351388396
2017-07-01,2673.73,0.6548028464883122,0.6424502843481724,0.6650400877414208,0.6350322351388396,0.6693972837169424,0.7391304347826086,0.6772752291015598,0.6544250617700246,0.7029842342342344,0.6795083674328636,0.10949308866114857,0.47979784955696,0.47979784955696,0.45352248710100007,0.6803391035077924,0.6277264497351811
2017-08-01,2543.87,0.6212126276448255,0.5846116926866375,0.6332030310672666,0.6277264497351811,0.6502042469208753,0.7391304347826086,0.6690440713925867,0.6569394627757851,0.7029842342342344,0.6663537650825807,0.10316063988013308,0.49008019127524605,0.4900801912752461,0.46895957358973145,0.664644567406129,0.5727913430461784
2017-09-01,2630.03,0.6232888780754511,0.5826918897381098,0.6242632008023413,0.5727913430461784,0.6476794660293546,0.7391304347826086,0.6684062129875099,0.663069865227946,0.7027027027027019,0.6601274480865557,0.10561013285571397,0.496444555018764,0.496444555018764,0.46500214288581104,0.6350322351388396,0.6092398937340306
2017-10-01,2544.1,0.6055060196311299,0.5604964320643314,0.6052559809033377,0.6092398937340306,0.6347213765721342,0.7391304347826086,0.6615564088328769,0.6677238670895468,0.7029842342342344,0.6410986366680701,0.11289232423332557,0.46602528179705127,0.46602528179705127,0.44381545911090975,0.6277264497351811,0.5728886407093423
2017-11-01,2617.78,0.6127524942381537,0.5748134531097185,0.6160931607439254,0.5728886407093423,0.6350300859913045,0.7391304347826086,0.661170947097693,0.6740602696241077,0.7027027027027019,0.6303690840249382,0.11704985907033943,0.45973990477440696,0.45973990477440696,0.4344564843370267,0.5727913430461784,0.604057735587255
2017-12-01,2606.88,0.6139883380598781,0.5743697250697285,0.6126987524999853,0.604057735587255,0.6338356508779206,0.7391304347826086,0.6600443699894112,0.6799998719999486,0.7029842342342344,0.6240671012827216,0.11943647271509883,0.46131090348588216,0.46131090348588216,0.43032484350742406,0.6092398937340306,0.5994466724199199
2018-01-01,2784.09,0.653420021338408,0.6841788314557901,0.6478876956733391,0.5994466724199199,0.6559863218120714,0.782608695652174,0.6721041333723894,0.6833270733308293,0.00028153153153009924,0.6323348950943125,0.04349548791017849,0.6709125930772694,0.6709125930772694,0.6864724832561141,0.5728886407093423,0.6744124067211534
2018-02-01,2859.79,0.6897162011952256,0.6925779693555981,0.6833728247928165,0.6744124067211534,0.6816349358048539,0.782608695652174,0.687867409130976,0.6889402755761102,0.00028153153153009924,0.6560025411704066,0.05008526705265787,0.6364627259845583,0.6364627259845583,0.6530801422760265,0.604057735587255,0.7064360289016363
2018-03-01,2924.19,0.7219696250894252,0.6897163762813777,0.7298989448742234,0.7064360289016363,0.7083152142411964,0.782608695652174,0.7059346358444827,0.6973822789529115,0.0016891891891888666,0.6780400024572638,0.04798113863794673,0.6675044272670837,0.6675044272670837,0.6669896017058703,0.5994466724199199,0.7336793745875425
2018-04-01,2848.05,0.7214196269720015,0.7281848806462129,0.7392771889900939,0.7336793745875425,0.7174887328803994,0.782608695652174,0.7156311182108603,0.6993802797521117,0.00028153153153009924,0.700810897066117,0.045965099917743696,0.6553358866520874,0.6553358866520874,0.6732322441611144,0.6744124067211534,0.7014696177470938
2018-05-01,2908.76,0.7344417525260716,0.7113866048465968,0.7464574987829983,0.7014696177470938,0.7319220828169717,0.782608695652174,0.7282939374453341,0.7052906821162729,0.0016891891891888666,0.7226101236273411,0.051729383132895684,0.6384310054337101,0.6384310054337101,0.6469822168126418,0.7064360289016363,0.7271519704891958
2018-06-01,2770.39,0.7106460596999005,0.6796917448473213,0.723906311399933,0.7271519704891958,0.7242696457713322,0.782608695652174,0.7288477384427661,0.7084662833865133,0.00028153153153009924,0.73485973368654,0.0477447660090273,0.6437247280104905,0.6437247280104905,0.6638033231668897,0.7336793745875425,0.6686168502631267
2018-07-01,2700.93,0.6835346030808545,0.6718721701017857,0.7023345904129593,0.6686168502631267,0.7097869348788723,0.782608695652174,0.724215699174878,0.7095542838217134,0.00028153153153009924,0.7286296708614958,0.04270670154124212,0.6754403534072525,0.6754403534072525,0.690689227970626,0.7014696177470938,0.6392329559876135
2018-08-01,2750.62,0.6808623226713337,0.6130736769659867,0.6791470431258467,0.6392329559876135,0.7058924588243785,0.782608695652174,0.7239451556080674,0.7178242871297148,0.00028153153153009924,0.7204510277805661,0.04518541223698641,0.6717328246223885,0.6717328246223885,0.6793661004624841,0.7271519704891958,0.660253481564208
2018-09-01,2600.81,0.6467137588421148,0.6520855217879523,0.6542820863220743,0.660253481564208,0.6836636776218661,0.782608695652174,0.7127152710538964,0.7166554866621945,0.0,0.6962245040147793,0.05511602710180738,0.6293855813490276,0.6293855813490276,0.6324820890018954,0.6686168502631267,0.5968788601790278
2018-10-01,2626.73,0.6353166548218112,0.6131778172202701,0.6434023847367464,0.5968788601790278,0.6711506824994533,0.782608695652174,0.7051164384104665,0.7199606879842749,0.0002815315315324862,0.6796439664433654,0.0476127717452047,0.6605311864398677,0.6605311864398677,0.6673077651576129,0.6392329559876135,0.607843883784287
2018-11-01,2543.0,0.6112789783868819,0.6465389212880791,0.6129597480366683,0.607843883784287,0.6513437388977159,0.782608695652174,0.6925381312221486,0.7169694867877946,0.0,0.6522424780007462,0.051365321728273766,0.6344348822029634,0.6344348822029633,0.6476832352958858,0.660253481564208,0.5724233040594278
2018-12-01,2682.65,0.62984725023654,0.6416035788024775,0.6249596776558494,0.5724233040594278,0.655324053061928,0.782608695652174,0.6921498343615162,0.7200002880001152,0.00028153153153009924,0.6456692972375261,0.04588084297803946,0.6733886653785589,0.6733886653785589,0.6767079472611289,0.5968788601790278,0.6314999069326701
2019-01-01,2730.97,0.649714767174211,0.7218413808092151,0.640244045489469,0.6314999069326701,0.6644396107339077,0.8260869565217391,0.6953695468616121,0.7178754871501948,0.4124436936936941,0.6479197913123736,0.015726454717229277,0.8539963241714018,0.8539963241714017,0.8633725751092023,0.607843883784287,0.6519408768634618
2019-02-01,2907.81,0.6983812470484885,0.7561171079798602,0.6937349341059583,0.6519408768634618,0.6939065320931332,0.8260869565217391,0.7110797697888098,0.7197962879185148,0.4124436936936941,0.6596959285835221,0.012426270804622885,0.9055521518238239,0.9055521518238239,0.8926789847969305,0.5724233040594278,0.7267500888369969
2019-03-01,2952.87,0.7325838402231821,0.7852763791791936,0.7333564026017442,0.7267500888369969,0.7208036247494951,0.8260869565217391,0.7276819158988954,0.7209434883773952,0.4138513513513505,0.6860710598748293,0.00963278661001521,0.8987897637415413,0.8987897637415413,0.9117005633296793,0.6314999069326701,0.745811970150769
2019-04-01,3034.1,0.7674766939229698,0.7508014271742675,0.7778033559920469,0.745811970150769,0.7505603957873581,0.8260869565217391,0.747694829483476,0.7283854913541964,0.4124436936936941,0.7165898272273824,0.014693818631212024,0.8829826511376878,0.8829826511376878,0.8741911480576519,0.6519408768634618,0.7801749665803679
2019-05-01,2994.76,0.776306601545935,0.7782899264679247,0.7905525480788967,0.7801749665803679,0.7667084604962584,0.8260869565217391,0.7617399881663067,0.7318254927301969,0.4138513513513505,0.750434141583347,0.017243763262975054,0.841768055005915,0.841768055005915,0.8517889313729786,0.7267500888369969,0.7635328358461513
2019-06-01,2984.6,0.7784962418000816,0.7156382439236425,0.7952050134603313,0.7635328358461513,0.7769239108616233,0.8260869565217391,0.7728782762759303,0.7403938961575581,0.4124436936936941,0.7730552030314245,0.015236611639814268,0.8841461727067713,0.8841461727067713,0.8707146888791286,0.745811970150769,0.7592348173342132
2019-07-01,2718.08,0.7212160058935742,0.6841878871300756,0.7488680418296664,0.7592348173342132,0.7496233859336094,0.8260869565217391,0.7627316800933355,0.7410798964319584,0.4124436936936941,0.7720895283102266,0.009163050024705521,0.9025118880278917,0.9025118880278917,0.9156343893262906,0.7801749665803679,0.6464879773930994
2019-08-01,2832.42,0.7176194265373474,0.7066867098924184,0.7250646623773463,0.6464879773930994,0.7449656210897444,0.8260869565217391,0.7625424014778741,0.7443518977407592,0.4124436936936941,0.766441567314795,0.01161913589978919,0.9032912576591933,0.9032912576591933,0.8980507796147099,0.7635328358461513,0.6948576069851262
2019-09-01,2777.34,0.703757133833834,0.6388551816568261,0.6946748112914293,0.6948576069851262,0.7344886465111544,0.8260869565217391,0.7583375657510227,0.7514131005652401,0.41216216216216167,0.7532914599593356,0.01351188123382549,0.8978358224876969,0.8978358224876968,0.8841675224812532,0.7592348173342132,0.6715569318239505
2019-10-01,2669.9,0.6732937346670995,0.6505913355308436,0.6876103365962664,0.6715569318239505,0.7130581802649527,0.8260869565217391,0.7468900111623196,0.7531399012559602,0.4124436936936941,0.7260068413821211,0.019829439923268077,0.8256518738488581,0.825651873848858,0.8332270962859959,0.6464879773930994,0.6261062321268425
2019-11-01,2698.77,0.6643853424065953,0.6126797551345672,0.6680136773391357,0.6261062321268425,0.7014983530867478,0.8260869565217391,0.7393236228495561,0.7593707037482812,0.41216216216216167,0.7038322827531543,0.018868526576238137,0.8291467906627792,0.8291467906627791,0.8396940759021868,0.6948576069851262,0.6383192040205088
2019-12-01,2698.38,0.6598457257756187,0.675911000833122,0.6564360326332398,0.6383192040205088,0.6931907073142829,0.8260869565217391,0.7328926554974362,0.7599999039999615,0.4124436936936941,0.6823896591145758,0.01959308061752435,0.8281321583259307,0.8281321583259308,0.8350418986564072,0.6715569318239505,0.6381542210264481
2020-01-01,2860.86,0.6931634122235109,0.6977895099069075,0.6844358684113289,0.6381542210264481,0.7083483948384361,0.8695652173913043,0.7393824239915703,0.7651955060782022,0.6962274774774766,0.6930862484623374,0.025694246871428933,0.8194789512671443,0.8194789512671443,0.7977213039301758,0.6261062321268425,0.7068886745520078
2020-02-01,3017.35,0.744097778930479,0.777859781939363,0.7311482044093581,0.7068886745520078,0.7394894657604578,0.8695652173913043,0.7563652605328122,0.769577107830843,0.6962274774774766,0.7069405716734415,0.018009415304097526,0.8740888336841571,0.8740888336841571,0.8513077538626835,0.6383192040205088,0.7730891585021236
2020-03-01,3047.45,0.7761576727244957,0.798262216104611,0.78233118867338,0.7730891585021236,0.7656404043086267,0.8695652173913043,0.7729456793277751,0.7733603093441236,0.6976351351351353,0.7271762892019736,0.016988586221714674,0.8845754573822789,0.8845754573822789,0.8592519576351425,0.6381542210264481,0.7858224613770579
2020-04-01,3096.63,0.8029593637897898,0.835041837215199,0.8169013671474067,0.7858224613770579,0.7907037598680335,0.8695652173913043,0.7905866880252008,0.7758615103446042,0.6962274774774766,0.7591454415508333,0.02204558690136768,0.8404906000551541,0.8404906000551542,0.8218528534271238,0.7068886745520078,0.8066272399614194
2020-05-01,3052.38,0.8066682678940791,0.8172293258956062,0.8220377006586469,0.8066272399614194,0.802862012064961,0.8695652173913043,0.8022642953708814,0.7781663112665244,0.6976351351351353,0.785636693541741,0.019231311993668176,0.8650321833365061,0.8650321833365061,0.8423861281489846,0.7730891585021236,0.7879080156353115
2020-06-01,2913.79,0.7781677784195318,0.8126290433585684,0.8024395751344563,0.7879080156353115,0.7935559467461064,0.8695652173913043,0.8019683003302271,0.775333910133564,0.6962274774774766,0.8017744741230638,0.02313209779435796,0.8199740135072096,0.8199740135072096,0.8125557870346036,0.7858224613770579,0.7292798280792596
2020-07-01,2856.34,0.7513344368447628,0.6919531278298982,0.7672066439493023,0.7292798280792596,0.7794511050504109,0.8695652173913043,0.7974991304280015,0.7808643123457247,0.6962274774774766,0.8014358511797116,0.022073003017226728,0.8248696862137294,0.8248696862137294,0.8195146152452012,0.8066272399614194,0.7049765639541772
2020-08-01,2795.66,0.7246272122523443,0.7437244177201433,0.7295646359845397,0.7049765639541772,0.7614992758374015,0.8695652173913043,0.7892616247231785,0.7793939117575645,0.6962274774774766,0.7848275944735538,0.012592692069156475,0.883706477792321,0.883706477792321,0.8886300586871614,0.7879080156353115,0.6793069022116183
2020-09-01,2847.91,0.72271775678397,0.7187850907378562,0.7199048685931461,0.6793069022116183,0.7554591747413253,0.8695652173913043,0.7861282897513737,0.7822167128866849,0.6959459459459465,0.7698787400229844,0.02318597173752876,0.8182275603294007,0.8182275603294007,0.811991796009235,0.7292798280792596,0.7014103930825593
2020-10-01,2847.2,0.7216075199330791,0.6701380084761112,0.7185647005002903,0.7014103930825593,0.7510526508791007,0.8695652173913043,0.7834248690479366,0.7893087157234863,0.6962274774774777,0.7511922973768709,0.022894341088449205,0.8351895396833446,0.8351895396833446,0.8160808222267297,0.7049765639541772,0.7011100394267051
2020-11-01,2764.02,0.7028337418915704,0.6832098743072409,0.7139254315223954,0.7011100394267051,0.7371074400397422,0.8695652173913043,0.7750292215239203,0.7919187167674867,0.6959459459459465,0.7295893522562625,0.021390418142923806,0.8518539990368347,0.8518539990368348,0.8273372549159754,0.6793069022116183,0.6659221280268035
2020-12-01,2900.42,0.7233221254319013,0.6830332886586735,0.7216247998545461,0.6659221280268035,0.7448528198482356,0.8695652173913043,0.7779414417272092,0.8000003200001279,0.6962274774774766,0.7285877175764784,0.017862003670103432,0.8798779431630611,0.8798779431630611,0.8530101934850959,0.7014103930825593,0.7236238726162074
2021-01-01,3010.89,0.7577622215995965,0.7566015865541348,0.7456261253599684,0.7236238726162074,0.7647254748426027,0.9130434782608695,0.7885177460081245,0.8060015224006088,0.4327139639639628,0.7401660750754034,0.0017827182164512484,0.9810917670687446,0.9810917670687446,0.9835982247471107,0.7011100394267051,0.7703563632671708
2021-02-01,3174.76,0.8108742118724839,0.8274577100010866,0.8058515785831167,0.7703563632671708,0.8001923861663469,0.9130434782608695,0.8095003543555865,0.8122979249191701,0.4327139639639628,0.7685669507003953,0.0,0.9911256291570807,0.9911256291570807,0.9999999999999998,0.6659221280268035,0.8396788331048954
2021-03-01,3271.32,0.8585794468806165,0.8410864998007751,0.8602354238391562,0.8396788331048954,0.8380604616127154,0.9130434782608695,0.8343455372539772,0.8212527285010912,0.43412162162162155,0.8002873800023674,0.009459405509035235,0.9441785883397027,0.9441785883397026,0.9188151473204137,0.7236238726162074,0.8805269303010306
2021-04-01,3180.15,0.8624633796383914,0.8633544028688375,0.885053460097008,0.8805269303010306,0.8532742018235653,0.9130434782608695,0.8486735188021357,0.8245935298374117,0.4327139639639628,0.8252308554424647,0.0035949115622192357,0.9845822569229621,0.9845822569229621,0.9690726831926053,0.7703563632671708,0.8419589826894767
2021-05-01,3182.68,0.8649594841373636,0.8433187235121528,0.8862147436085418,0.8419589826894767,0.8644695813976395,0.9130434782608695,0.8609829804014684,0.8298055319222127,0.43412162162162155,0.8565954309875953,0.0037126203078454434,0.9631192124170703,0.9631192124170703,0.965482634136845,0.8396788331048954,0.8430292569842801
2021-06-01,3037.12,0.8343259771933633,0.7805674285507297,0.8518747690629381,0.8430292569842801,0.8535709660082003,0.9130434782608695,0.8607098048701156,0.8347387338954936,0.4327139639639628,0.8668365275265991,0.006589107797702623,0.9315986860551569,0.9315986860551569,0.9387941624768671,0.8805269303010306,0.7814525272010424
2021-07-01,3141.4,0.8418493514535474,0.7545550041656103,0.8461929842053711,0.7814525272010424,0.8593229503829927,0.9130434782608695,0.8681362254605698,0.8461411384564551,0.4327139639639628,0.8766138904330029,0.0040026226016456334,0.989040090504188,0.989040090504188,0.9663036169570691,0.8419589826894767,0.8255664416129416
2021-08-01,2973.21,0.8087729000788821,0.7270800883833809,0.8154790880991897,0.8255664416129416,0.8415985686049414,0.9130434782608695,0.8620694624436087,0.8532431412972564,0.4327139639639628,0.861514453655854,0.011334763699395317,0.9143994848014759,0.9143994848014759,0.9015078400436145,0.8430292569842801,0.7544164678410072
2021-09-01,2913.89,0.7792419972044267,0.7507380374542688,0.7974102791185974,0.7544164678410072,0.8212378968210461,0.9130434782608695,0.8525800157455556,0.8558823423529368,0.43243243243243146,0.8347370203278649,0.003054614281927326,0.9756835347449814,0.9756835347449814,0.9723977656414478,0.7814525272010424,0.7293221314110698
2021-10-01,2798.78,0.7392643564379724,0.7504165610171333,0.7471730371082866,0.7293221314110698,0.7917519951206908,0.9130434782608695,0.8360976379224385,0.8539455415782166,0.43271396396396516,0.8061660840653931,0.002117390908024805,0.9718162795699219,0.9718162795699218,0.979654888103177,0.8255664416129416,0.6806267661641032
2021-11-01,2965.77,0.7558508422495809,0.7127540116637084,0.746082134415634,0.6806267661641032,0.7923678053953265,0.9130434782608695,0.8344135485739721,0.8620155448062178,0.43243243243243146,0.7899159286134888,0.007851854663848926,0.9523003753268888,0.9523003753268887,0.9317919863328963,0.7544164678410072,0.7512690999543123
2021-12-01,3016.7,0.7752991264423066,0.7745137102908682,0.7611568260596712,0.7512690999543123,0.7994189531781815,0.9130434782608695,0.836728480802901,0.8666667466666987,0.4327139639639628,0.7883861320419713,0.005615599704141425,0.9713114530415627,0.9713114530415627,0.9513299031488798,0.7293221314110698,0.772814186845356
2022-01-01,3262.4,0.8388381839951107,0.8245327272068678,0.8291358994961903,0.772814186845356,0.8363500937696005,0.9565217391304348,0.8567297008743926,0.8767271506908602,0.9935247747747746,0.7974510382688876,0.006773810244226866,0.9750286421775198,0.9750286421775198,0.9427714305144288,0.6806267661641032,0.8767534731035418
2022-02-01,3313.46,0.8817912275586757,0.8987303944651718,0.8801165389059301,0.8767534731035418,0.8693576386604542,0.9565217391304348,0.8774032873339819,0.8822751529100611,0.9935247747747746,0.8229414047458153,0.007018828205627603,0.9663792056628374,0.9663792056628374,0.9398487442735566,0.7512690999543123,0.8983535543259387
2022-03-01,3204.33,0.8793653410223408,0.9424511899156011,0.9076281077530336,0.8983535543259387,0.8787681625728552,0.9565217391304348,0.8868826039855211,0.8795955518382205,0.9949324324324309,0.8447001763536305,0.0019168629341731608,0.9907833994314902,0.9907833994314902,0.9836581014503389,0.772814186845356,0.8521879283212346
2022-04-01,3398.42,0.9206633336147378,0.901170898685116,0.927572272303388,0.8521879283212346,0.9106850169261502,0.9565217391304348,0.909156130300433,0.8883263553305422,0.9935247747747746,0.8896231546173338,0.010737405502182634,0.9390587943350227,0.9390587943350227,0.9088873532872942,0.8767534731035418,0.9342944650320659
2022-05-01,3287.41,0.9169981509739418,0.9023164414822326,0.923752646612043,0.9342944650320659,0.9190724311540255,0.9565217391304348,0.9198511886090668,0.8925155570062225,0.9949324324324309,0.9137193235332458,0.002326200806672729,0.9869565762242489,0.9869565762242489,0.9797827623077362,0.8983535543259387,0.887333536389326
2022-06-01,3299.11,0.917728174675279,0.8364092440323104,0.9376499258068868,0.887333536389326,0.9265822321006416,0.9565217391304348,0.9297600167252047,0.9029951611980641,0.9935247747747746,0.9348765150005468,0.0038209131356082837,0.9662168728611236,0.9662168728611235,0.9649935132553694,0.8521879283212346,0.8922830262111445
2022-07-01,3193.18,0.8948916643676212,0.8836255297569456,0.9075562606670927,0.8922830262111445,0.9181954775370997,0.9565217391304348,0.9303656765612618,0.9050663620265448,0.9935247747747746,0.9296907893061076,0.0065494219541408355,0.9678627696104419,0.9678627696104419,0.9436406866215168,0.9342944650320659,0.8474711068243734
2022-08-01,3127.52,0.8690921013225839,0.807471836852972,0.8841121166444769,0.8474711068243734,0.9036815366086575,0.9565217391304348,0.9260565623700825,0.9112387644955052,0.9935247747747746,0.9157608003488117,0.005893758057483975,0.9801040050652995,0.9801040050652995,0.9502081840765966,0.887333536389326,0.8196947391576561
2022-09-01,3151.73,0.8614949616527328,0.7806127069221572,0.862502272713943,0.8196947391576561,0.8964571645674468,0.9565217391304348,0.9241881961532181,0.9207523683009472,1.0,0.9118201882204165,0.00810316357200902,0.9677294106881894,0.9677294106881894,0.9317708748508288,0.8922830262111445,0.8299363757889571
2022-10-01,2913.5,0.8055176074906274,0.7284927735719201,0.8214937155793806,0.8299363757889571,0.8603719818633737,0.9565217391304348,0.9051133824123665,0.9253411701364679,0.9935247747747757,0.8754916400587945,0.003531107943913231,0.9730552320654859,0.9730552320654859,0.9681871267088789,0.8474711068243734,0.7291571484170094
2022-11-01,3035.65,0.8042830692903411,0.8041031260187633,0.8080231200990021,0.7291571484170094,0.8504532867661938,0.9565217391304348,0.8979429680940065,0.9281363712545484,1.0,0.8566306417803774,0.011269063435669802,0.9132537441535317,0.9132537441535317,0.9018273704858154,0.8196947391576561,0.7808306682234294
2022-12-01,3146.63,0.8279734083194445,0.8271634005868075,0.8072753238983935,0.7808306682234294,0.8577749491002005,0.9565217391304348,0.9000252631070871,0.933333573333429,0.9935247747747746,0.8452073616028551,0.011740368468189238,0.9111713084394053,0.9111713084394052,0.8982193777703829,0.8299363757889571,0.8277789058666261
2023-01-01,3334.65,0.8810000202602077,0.9384123591842649,0.8690271611310195,0.8277789058666261,0.8874118056178204,1.0,0.9155940342067024,0.9362235744894297,0.85838963963964,0.8558058102303087,0.01079620535884987,0.908832666380587,0.908832666380587,0.9046283991314307,0.7291571484170094,0.9073176303365653
2023-02-01,3423.36,0.9269432047415413,0.9615314956351649,0.9258758013149483,0.9073176303365653,0.9200965384545339,1.0,0.9352818306613111,0.9406195762478305,0.85838963963964,0.877969131372217,0.0023060311298055414,0.97254600707681,0.97254600707681,0.9781792203845023,0.7808306682234294,0.9448449159855832
2023-03-01,3466.23,0.9593044812541562,0.9121192088962943,0.9727376965530993,0.9448449159855832,0.9490077814004767,1.0,0.9550887981465865,0.9510955804382321,0.8597972972972964,0.9015303959041608,0.00397657021570752,0.947769396826905,0.9477693968269051,0.9614091029146897,0.8277789058666261,0.9629803543327073
2023-04-01,3438.13,0.9693304629198003,0.9999999999999999,0.9879106280901578,0.9629803543327073,0.9660109751142099,1.0,0.9697850790652494,0.9526839810735924,0.85838963963964,0.9408338814729801,0.0006973870591072961,0.9735469282218822,0.973546928221882,0.9918275121554161,0.9073176303365653,0.9510931180939812
2023-05-01,3418.3,0.9700001498311681,0.9497364798782916,0.987168696957789,0.9510931180939812,0.9755819578193068,1.0,0.9807642218859927,0.957919583167833,0.8597972972972964,0.9695007109583479,0.0007165280912028033,0.9697722422681285,0.9697722422681285,0.9911873483314575,0.9448449159855832,0.9427043673959763
2023-06-01,3553.74,1.0,0.9550340493353134,0.9999999999999999,0.9427043673959763,1.0000000000000002,1.0,1.0,0.9681047872419147,0.85838963963964,0.9999999999999999,0.0071142551395664,0.9483623742513356,0.9483623742513356,0.9369032977813697,0.9629803543327073,1.0
2023-07-01,3299.37,0.9592860461887911,0.907070670482124,0.9796540782752005,1.0,0.9844213893255027,1.0,0.9975973342681566,0.9723523889409554,0.85838963963964,0.9973569430439208,0.004973481567292548,0.9450146406465524,0.9450146406465524,0.9531103790654054,0.9510931180939812,0.8923930148738515
2023-08-01,3257.67,0.9297956465134123,0.8773408918028035,0.9561014304901435,0.8923930148738515,0.9678806841452423,1.0,0.9925021629645654,0.9775583910233564,0.85838963963964,0.9849440148394765,0.0024405332334369173,0.9928599641223507,0.9928599641223504,0.9795460148742683,0.9427043673959763,0.8747525255089093
2023-09-01,3155.47,0.8926658949474024,0.8883027855254101,0.897704412290837,0.8747525255089093,0.9427991923282693,1.0,0.9806860352110707,0.9777079910831962,0.8581081081081076,0.9616629383181828,0.0013518198280886712,0.9694981448058365,0.9694981448058364,0.9857721382342848,1.0,0.8315185203986666
2023-10-01,3155.58,0.8741251121261402,0.7804361212735899,0.8766209582348489,0.8315185203986666,0.924898120260023,1.0,0.9706958508703598,0.9873911949564779,0.8583896396396412,0.9404952585296272,0.0011601481418621884,1.0000000000000002,1.0000000000000002,0.9911420515935104,0.8923930148738515,0.8315650540636581
2023-11-01,3300.54,0.8966048637540349,0.8357436519723259,0.8829068451211427,0.8315650540636581,0.9309290685896179,1.0,0.97288743211319,0.9979867991947194,0.8581081081081076,0.931673082023167,0.003161984249371086,0.9809900677586584,0.9809900677586584,0.9721680672667335,0.8747525255089093,0.8928879638560334
2023-12-01,3196.96,0.885157930683252,0.8859935885826059,0.8889903871531543,0.8928879638560334,0.9217910469967545,1.0,0.9671356808320555,0.9999999999999999,0.85838963963964,0.90494434447243,0.00955460055599594,0.9193480633874386,0.9193480633874386,0.9149796851266553,0.8315185203986666,0.8490701727668071
